cell_id,centroid_lat,centroid_lon,noise_night_count,peak_hour
6220,40.567814176615336,-73.8633854344199,0,-1
6221,40.570936971095136,-73.86290345648274,24,22
6409,40.572043518203415,-73.85163898467623,5,22
6315,40.571136659746,-73.85722052033628,32,22
6222,40.574785481300985,-73.86229108601579,14,22
6410,40.57532363715472,-73.85101466999109,80,22
6504,40.57548328133835,-73.845305797914,60,23
6598,40.57637159523275,-73.83973031894219,33,0
6316,40.575382237432585,-73.85692092959354,29,23
6411,40.57968388573443,-73.85079458973082,31,22
6317,40.578696692550345,-73.85588923300651,3,0
6224,40.58526216615572,-73.86398135109279,0,-1
6225,40.58870166634346,-73.86374189826704,0,-1
5465,40.5547645033624,-73.91124878497565,0,-1
5748,40.55894943240529,-73.89307164801609,0,-1
5654,40.55844733552779,-73.8986626627196,0,-1
5749,40.562216658040825,-73.8925816098078,0,-1
5843,40.56222288252529,-73.88674230291987,0,-1
5655,40.562029561620484,-73.89825414108242,0,-1
5750,40.56630128200362,-73.89237497563539,0,-1
5844,40.56632651954241,-73.88654798739309,6,2
5371,40.5537643184057,-73.91662914888428,0,-1
5372,40.55793703165627,-73.91627511433059,3,0
5466,40.5578814856006,-73.91037026849406,16,23
5560,40.55815728441348,-73.9046536660986,0,-1
5467,40.56224106829279,-73.91045803504291,4,23
5373,40.56195787143877,-73.91582732767534,1,1
5561,40.5615333561624,-73.90433203144113,0,-1
5937,40.56286604277858,-73.88107213134087,0,-1
5938,40.566494086525445,-73.88065491766991,0,-1
6126,40.567027368209246,-73.86916895395377,0,-1
5659,40.5803663716722,-73.89600154432864,0,-1
5847,40.58036475562383,-73.88648106768092,1,22
5753,40.58023110559321,-73.89228456011278,0,-1
6032,40.566550203195035,-73.87479215599846,1,4
6127,40.57079336082332,-73.86859545938142,0,-1
6033,40.56972427718411,-73.87367959436419,0,-1
5941,40.58101348354877,-73.88139007698999,0,-1
5660,40.585127786370954,-73.89642892285603,0,-1
5848,40.58467790158676,-73.88630310163768,0,-1
5754,40.58473470839387,-73.89221025574156,0,-1
5661,40.58943349485354,-73.89789205787189,0,-1
5849,40.589181491773395,-73.88622838436953,0,-1
5755,40.589238307559306,-73.89213593458281,0,-1
5662,40.59379842575151,-73.89796955984048,0,-1
5850,40.593685078323524,-73.88615365022011,0,-1
5756,40.59374190308942,-73.8920615966322,0,-1
5663,40.59830202657965,-73.89789560138637,0,-1
5378,40.58450819797953,-73.91584840985361,6,22
5567,40.58950195051586,-73.90394604617863,0,-1
5379,40.58951928853637,-73.91696749294424,0,-1
5473,40.58938976554348,-73.90930567080109,0,-1
5380,40.594058707377236,-73.91569174741691,0,-1
5568,40.59385464630728,-73.90387753975536,0,-1
5474,40.593984568869224,-73.90948743548469,0,-1
5381,40.59853965681052,-73.91546608459414,0,-1
7164,40.58548807082659,-73.80407200123864,1,23
7165,40.58835435630507,-73.80352449461809,85,22
7353,40.588827813420124,-73.7918567455498,55,22
7259,40.588374958993285,-73.79768804698512,47,1
7260,40.59279645610878,-73.797536530414,200,22
7354,40.59271849886814,-73.79163988085776,131,22
7166,40.592748311390686,-73.80332018774364,20,0
7355,40.59723407546253,-73.79223439027245,211,23
7447,40.58930922434555,-73.786093766243,15,23
7542,40.592610575699524,-73.7798135889357,73,22
7636,40.59259844979572,-73.77394595142803,175,0
7448,40.592672837893616,-73.78572121771847,1046,0
7637,40.59678632397231,-73.77404891751794,228,22
6787,40.580600395032214,-73.82766366298515,173,23
6788,40.583883696156306,-73.82695343013548,2,22
6976,40.584516416380794,-73.81566213618946,295,22
6882,40.58404556032094,-73.82134053880777,645,23
7070,40.58502638560387,-73.80966254808837,34,2
6977,40.58816123193416,-73.81501747198861,273,23
6883,40.58694610390301,-73.820855909982,1,1
6505,40.57962629749599,-73.84506501657543,55,22
6693,40.579874310622984,-73.83340253479238,415,22
6599,40.57966639309877,-73.83909004810991,214,22
6694,40.582821244836815,-73.83267823663992,0,-1
6696,40.59313671911371,-73.83392570911256,0,-1
7071,40.5884154006077,-73.80943180035366,525,22
7072,40.592162901087285,-73.80864027876787,3,23
6791,40.59688382579592,-73.82683764536898,0,-1
6885,40.59776499120927,-73.82173262362916,1,23
6415,40.59871407975269,-73.85257054061002,0,-1
6227,40.59877132855222,-73.86090076886742,0,-1
6321,40.59821323315079,-73.8566003369904,0,-1
6228,40.60118584769176,-73.86110172102153,0,-1
6322,40.60102224867266,-73.85665899856805,0,-1
6417,40.60706896162013,-73.84949833412877,0,-1
6602,40.59344810740834,-73.8386053152252,0,-1
6697,40.596463819461206,-73.83203668939245,0,-1
6699,40.60733422513969,-73.83314930854553,0,-1
6511,40.6068776347422,-73.8446569905779,0,-1
6886,40.60202321045572,-73.82074070932087,23,23
6980,40.60215034187835,-73.81389513227512,0,-1
7074,40.601326260430184,-73.8111392684444,0,-1
6887,40.606263477684266,-73.82000561222361,34,22
6981,40.606974386997585,-73.81665472936038,15,22
6982,40.61080594239538,-73.8166272917943,2,0
6888,40.611383976175745,-73.82053036942511,88,4
6512,40.611287049581634,-73.84449149300212,0,-1
6606,40.611351233211174,-73.84024278661605,0,-1
6701,40.616277858474014,-73.8326254376523,0,-1
6513,40.6154833574848,-73.84506149685517,0,-1
6702,40.62014416686542,-73.83230636421683,0,-1
6323,40.60788352155183,-73.85549464666558,0,-1
6324,40.61112981270034,-73.85605649976115,0,-1
6418,40.61142867241746,-73.8511900275455,0,-1
6325,40.615241811379796,-73.85647414223668,0,-1
6232,40.62021771509952,-73.8606743383251,0,-1
6326,40.621285280134295,-73.8565550284287,0,-1
6795,40.61584628879266,-73.82654261665752,0,-1
6889,40.615557436119055,-73.8207716454468,1,5
6983,40.61446819137163,-73.81656912190742,0,-1
7078,40.620251062512146,-73.80776043277456,0,-1
6890,40.6200451438298,-73.82071345815686,0,-1
6984,40.620466775824106,-73.81457279022464,0,-1
6796,40.620121103632954,-73.82660258064273,0,-1
6891,40.62464703572795,-73.8208024453779,0,-1
6233,40.62458769997145,-73.860971675778,0,-1
6327,40.62492110756334,-73.85607668211223,0,-1
6421,40.624754712686865,-73.85026538101286,0,-1
6328,40.629433960325386,-73.85574012900271,0,-1
6422,40.6294675816853,-73.85033247391311,0,-1
6423,40.63387778680764,-73.8500225682411,0,-1
6329,40.63352951425772,-73.85490466123747,0,-1
6130,40.58463074136673,-73.8681625728108,0,-1
5942,40.5846324516674,-73.88049905808842,0,-1
5943,40.58903395331121,-73.88110323079626,0,-1
6131,40.588642541337734,-73.86776867119144,0,-1
5944,40.59347570516904,-73.88174984966396,0,-1
5851,40.59818866123703,-73.88607889918507,0,-1
5757,40.598245494984106,-73.8919872418855,0,-1
5852,40.60268367597212,-73.88601837236023,0,-1
5758,40.602124655110906,-73.8916988085046,0,-1
5664,40.60196319278021,-73.89787464121339,0,-1
5665,40.607608563300516,-73.89773100016838,0,-1
5759,40.60817281151219,-73.8936282197254,0,-1
5760,40.611554249401394,-73.89263933004847,0,-1
5945,40.59783198999929,-73.88221048590023,0,-1
5475,40.59841418330609,-73.90971237043128,1,23
5569,40.598358256021136,-73.90380397759813,0,-1
5382,40.60273336040159,-73.9158554150515,0,-1
5476,40.60262987117426,-73.91006227862482,26,22
5570,40.60173070343088,-73.90354948705854,0,-1
5383,40.6075366827319,-73.91478240042909,81,23
5571,40.607529919130364,-73.90417829567707,10,0
5477,40.60767409192587,-73.90979157591215,64,22
5384,40.61201398998755,-73.91523001590676,4,23
5478,40.61192469689466,-73.90949320619173,57,22
6043,40.61730309322756,-73.87425212162385,0,-1
6138,40.620574714884214,-73.86851408222635,0,-1
6044,40.62045770063292,-73.8735243006865,0,-1
6139,40.62482190942987,-73.86796722209144,0,-1
6045,40.623830641667055,-73.8724888837351,0,-1
5666,40.61183559552048,-73.89763896266656,0,-1
5667,40.616225092123535,-73.89833901691934,3,0
5668,40.620275386040724,-73.89812356063902,0,-1
5763,40.62575026086523,-73.89253973185807,0,-1
5669,40.625451919647574,-73.89726772367355,1,22
5572,40.61186154957769,-73.903758917925,14,22
5385,40.61652626023972,-73.91534623216238,105,22
5479,40.616536371209996,-73.90976207393618,73,22
5573,40.61645599710165,-73.90339345417114,32,23
5386,40.62098789067738,-73.91525668532265,135,23
5480,40.62093222158268,-73.90934629308784,122,22
5574,40.62080781579771,-73.9035346694574,70,22
5387,40.62549149623262,-73.91518381705453,189,23
5481,40.62519696398426,-73.90950909248444,194,22
5575,40.62559402357877,-73.90364436049056,34,23
5953,40.63474298080822,-73.88047394814642,9,1
5954,40.638631167214804,-73.87979846320141,2,3
6048,40.63887359008705,-73.87352549692694,0,-1
5955,40.643360028779966,-73.87910750783706,90,23
5388,40.62980865302597,-73.91529670928233,38,23
5482,40.63028332206142,-73.9089274982021,176,1
5576,40.62988342228233,-73.9032885768604,235,0
5389,40.63449869644841,-73.91503803111122,219,22
5483,40.63444300095847,-73.90912644807925,352,23
5577,40.63438700292746,-73.903214881613,166,22
5390,40.639002291108724,-73.9149651134276,319,0
5484,40.638946586818044,-73.90905313328392,380,23
5578,40.638890579938476,-73.90314116971017,185,22
5391,40.64350588213717,-73.91489217926379,186,6
5858,40.630104388721094,-73.88590220528502,272,22
5764,40.62977281236316,-73.89146920077623,58,22
5670,40.629827130607836,-73.89737742406311,148,0
5859,40.634217193612606,-73.88548028250544,484,23
5765,40.63427409925204,-73.89139179873641,425,23
5671,40.634330702357815,-73.89730333180215,306,0
5672,40.638834270472515,-73.89722922279608,282,23
5766,40.63877765842262,-73.89131729263141,213,23
5860,40.63872074379127,-73.88540537930578,140,22
5673,40.64333783495181,-73.89715509704067,318,22
188,40.49868309791397,-74.2418891997802,2,2
94,40.49817805589711,-74.24763817843,0,-1
1,40.502309355761,-74.25245188176415,26,22
189,40.50197415301032,-74.24172475149118,37,22
283,40.50222405115789,-74.23604393152253,136,22
95,40.50201271934357,-74.24762524128398,47,22
2,40.50653454824722,-74.25292565208714,28,23
190,40.506478265371776,-74.2416740257513,120,22
471,40.503151439709725,-74.22422044832987,0,-1
377,40.50302859318697,-74.2301503212687,9,22
472,40.506360740437565,-74.22397144157603,10,23
378,40.50640021668672,-74.22987229136352,29,0
566,40.506446583044514,-74.21825684684308,0,-1
473,40.51086483063862,-74.22391952024284,1,22
660,40.50762515058998,-74.21379359486107,0,-1
661,40.510988839387466,-74.21244362043052,0,-1
284,40.50643939166536,-74.23577315278496,36,22
96,40.506516837804256,-74.24757491017341,33,22
3,40.510785021371625,-74.25184702052441,36,22
191,40.510982374158786,-74.24162328855566,75,22
285,40.510943494304684,-74.23572202087385,67,22
97,40.51102095269131,-74.24752456769616,91,22
286,40.51544759336866,-74.23567087741495,22,22
192,40.51548647937126,-74.24157253990134,23,23
98,40.51492914986743,-74.24708737697077,226,22
379,40.510904313130716,-74.22982076473988,15,23
567,40.51082504683011,-74.21801828747186,0,-1
474,40.51536891726268,-74.22386758718359,0,-1
380,40.51540840599856,-74.22976922647932,14,2
568,40.51532912716272,-74.2179659596169,0,-1
381,40.519912495290114,-74.22971767657883,3,0
569,40.51983320391743,-74.21791361994377,2,0
475,40.51987300030962,-74.22381564239531,9,23
476,40.524377079779384,-74.22376368587496,12,22
570,40.5243372770941,-74.21786126844941,22,22
755,40.51245327672222,-74.20687449416786,0,-1
850,40.51521528036774,-74.20026114278481,15,23
662,40.515289035700484,-74.21206434386843,3,22
756,40.51524864287771,-74.2061627400273,26,23
851,40.51971200628819,-74.20020762387314,25,22
663,40.51979310611528,-74.21201160931346,88,22
757,40.51975270690494,-74.20610961059354,31,23
852,40.52421606029967,-74.20015408747494,48,22
664,40.52429717295121,-74.21195886284812,14,22
193,40.51989056278228,-74.24053254085987,1,2
287,40.519951688857184,-74.23561972240526,3,23
194,40.52457172003585,-74.24082546155762,0,-1
288,40.52445578077017,-74.2355685558419,0,-1
382,40.52441658100532,-74.22966611503551,1,1
383,40.52892066314407,-74.22961454184633,0,-1
477,40.528881155671876,-74.22371171761957,8,22
571,40.52884134669266,-74.21780890513085,42,23
572,40.53334541271299,-74.21775652998504,3,4
478,40.53338522798697,-74.22365973762618,11,22
384,40.53342474170624,-74.22956295700833,0,-1
385,40.53792881669175,-74.22951136051856,0,-1
479,40.53788929672456,-74.22360774589175,40,23
573,40.537849475155,-74.21770414300899,59,22
758,40.52425676735247,-74.20605646916023,7,0
665,40.528801236208174,-74.21190610446938,6,23
853,40.528720110730475,-74.20010053898496,21,22
759,40.52876082422019,-74.20600331572435,32,23
854,40.53322415758054,-74.20004697840011,20,22
666,40.533305295886095,-74.21185333417418,7,1
760,40.53326487750802,-74.2059501502828,16,23
855,40.53772820084975,-74.1999934057173,102,22
667,40.53780935198483,-74.21180055195948,84,22
761,40.53776892721583,-74.20589697283249,44,22
289,40.52895986910751,-74.23551737772186,0,-1
195,40.52883354137403,-74.24044932979905,0,-1
290,40.53346395386911,-74.23546618804225,28,23
196,40.53363910434804,-74.24032054113175,4,22
291,40.53796803505487,-74.23541498680008,3,23
197,40.538040002983955,-74.24127023578527,0,-1
1794,40.5332257286099,-74.13907087743894,0,-1
1888,40.53295407872541,-74.13539048904114,0,-1
1983,40.53730622273028,-74.13005508259619,0,-1
1227,40.520912387018186,-74.1776299759239,4,0
1322,40.52477027969199,-74.17083355149295,2,22
1228,40.524076422062606,-74.17657784730079,22,23
943,40.51163249853446,-74.19533438007606,0,-1
944,40.51517881124811,-74.19437537235417,13,0
1038,40.516109696073144,-74.19005836549425,0,-1
1133,40.520890937654485,-74.1829782350604,2,0
945,40.51967100426682,-74.19430564924146,21,22
1039,40.519739281629796,-74.18854819319556,10,0
1134,40.52409213043483,-74.18244701532653,19,23
946,40.524175051794586,-74.19425171788143,0,-1
1511,40.52926523796362,-74.15925529534783,19,0
1606,40.533309059273336,-74.15324879633205,15,22
1512,40.53293067485737,-74.15872511896092,15,22
1607,40.53739153264449,-74.1527653119302,78,23
1701,40.53752093739196,-74.14704079964767,122,22
1513,40.53743467172149,-74.15866877973808,25,22
1323,40.528512020819164,-74.17058683849527,11,23
1417,40.52857432523055,-74.16480019516639,19,22
1229,40.52855424179039,-74.17648955386821,6,0
1324,40.533016034765446,-74.17053130224063,0,-1
1230,40.53305826241276,-74.17643441274124,8,22
1418,40.532973505579704,-74.16462820428413,15,22
1231,40.53756227945081,-74.1763792591594,24,0
1419,40.53747750921614,-74.16457226027171,29,22
1325,40.537520045126534,-74.17047575344192,3,1
1040,40.52413374183903,-74.1883493604689,2,22
1041,40.52863777925306,-74.18829502188002,24,22
1135,40.52859616126896,-74.18239228169286,1,1
947,40.52867909574084,-74.19419777434044,1,22
1136,40.53310018851976,-74.18233753569673,11,0
948,40.53318313610548,-74.19414381861539,18,23
1042,40.533141813084605,-74.18824067101784,38,23
1137,40.537604212187105,-74.18228277733493,62,23
1043,40.53764584333358,-74.18818630787925,6,0
949,40.5376871728884,-74.19408985070314,26,0
1608,40.54189551910064,-74.15270856468511,46,22
1514,40.54193866499853,-74.15861242778945,47,23
1702,40.54185207157462,-74.1468047143991,63,0
1609,40.54639950196868,-74.15265180462171,78,22
1515,40.546442654688356,-74.15855606311179,16,22
1703,40.54635604757319,-74.14674755895327,5,4
1610,40.55090348124854,-74.15259503173675,27,22
1516,40.55094664079089,-74.15849968570183,27,23
1704,40.550860019982665,-74.14669039059653,32,22
1611,40.55540745694008,-74.15253824602694,14,22
1796,40.542186608717294,-74.14248302643115,15,22
1984,40.54156126786642,-74.12717651059408,0,-1
1797,40.54642396194505,-74.14101318953645,31,22
1891,40.54743772079836,-74.13524044953405,0,-1
1985,40.54663499470678,-74.12852957087723,0,-1
1892,40.55077219228804,-74.13488114714788,35,0
1986,40.55072782586316,-74.12897654501806,0,-1
1798,40.5508162569952,-74.14078576237047,65,22
1893,40.555276147222656,-74.1348231747648,26,23
2173,40.54748668235864,-74.1182733955647,0,-1
2079,40.54640987953531,-74.12336535682668,0,-1
2174,40.550638187867996,-74.117167380394,0,-1
2080,40.550683157722496,-74.1230719560703,0,-1
2268,40.55097243625578,-74.11239820398741,0,-1
2175,40.55514212161645,-74.11710822136772,17,22
2363,40.55570736552818,-74.10570045628462,0,-1
2364,40.55955517820139,-74.10523835546043,28,0
2458,40.560122671459254,-74.1002517684438,10,23
1799,40.55532021889647,-74.14072818554183,53,0
1987,40.55523177378341,-74.12891817708386,11,0
1894,40.559780098566115,-74.1347651892856,18,23
1988,40.55973571811158,-74.12885979596425,20,22
1800,40.559824177207524,-74.14067059570641,12,23
1895,40.564284046318306,-74.13470719070696,10,22
1801,40.564328131928235,-74.1406129928609,41,22
1989,40.56423965884755,-74.12880140165579,30,0
1802,40.5688320830585,-74.14055537700197,5,22
1990,40.568743595991236,-74.12874299415519,29,23
2081,40.55518709858069,-74.1230131925884,7,0
2269,40.55511548154003,-74.11122772645471,0,-1
2176,40.55964605177094,-74.11704904897731,16,22
2082,40.55969103584585,-74.12295441583169,51,22
2270,40.55960076588878,-74.11114369549043,66,22
2177,40.56414997833137,-74.11698986321939,42,22
2083,40.56419496951792,-74.1228956257968,22,23
2271,40.564104685289884,-74.1110841140129,345,23
2272,40.56860860109586,-74.11102451907506,62,22
2084,40.56869889959674,-74.12283682248038,37,22
2365,40.564059090395446,-74.1051783782667,134,23
2553,40.56475786349078,-74.09448639463857,2,0
2459,40.56402656821863,-74.09929056306324,54,23
2366,40.568562998993436,-74.10511838752332,31,1
2460,40.568517094992366,-74.09921226952467,14,23
2648,40.56932232383892,-74.08864311039954,0,-1
2554,40.568516568204345,-74.09336650701451,60,22
2367,40.57306690399524,-74.10505838322676,5,1
2649,40.572974173612444,-74.08739993318233,10,23
1896,40.56878799047914,-74.13464917902549,36,0
1991,40.57324752954253,-74.12868457345901,45,22
1803,40.57333603059821,-74.14049774812626,23,22
1897,40.5732919310485,-74.13459115423791,28,23
1992,40.57775145950133,-74.1286261395639,68,2
1804,40.5778399745473,-74.14044010623054,13,23
1898,40.57779586802631,-74.13453311634082,7,22
1805,40.58234391490563,-74.14038245131138,0,-1
1993,40.5822553858675,-74.12856769246656,0,-1
1899,40.582299801412425,-74.13447506533088,1,23
2178,40.56865390129763,-74.11693066409056,16,22
2085,40.57320282608224,-74.12277800587901,63,22
2179,40.5731578206696,-74.11687145158736,64,22
2273,40.57311251330661,-74.11096491067346,50,23
2180,40.57766173644721,-74.11681222570644,32,23
2274,40.57761642192204,-74.1109052888047,36,23
2086,40.57770674897429,-74.12271917598932,47,23
2181,40.58216564863034,-74.11675298644433,0,-1
2087,40.58221066827281,-74.12266033280787,0,-1
2275,40.58212032694203,-74.11084565346535,29,22
2461,40.57302099273752,-74.09915186933661,39,1
2555,40.57297477953546,-74.09324536909249,88,0
2368,40.57757080540077,-74.10499836537363,92,22
2650,40.5774321438806,-74.08727767679838,13,23
2462,40.577524886885435,-74.09909145550256,64,22
2556,40.57747866637802,-74.09318455928101,61,22
2557,40.58198254962228,-74.0931237357306,71,23
2651,40.58193601977081,-74.08721645718461,54,22
2463,40.582028777435994,-74.09903102801901,13,22
2369,40.58207470320992,-74.10493833396043,45,23
104,40.54288182826986,-74.24556761109928,0,-1
292,40.54247211266466,-74.23536377399243,0,-1
198,40.542511035575316,-74.24126780717927,0,-1
293,40.54697618669842,-74.23531254961634,0,-1
199,40.5463052912115,-74.24090567383021,0,-1
294,40.55086903819786,-74.23458687315178,0,-1
386,40.542432888100514,-74.22945975237404,0,-1
480,40.542393361884564,-74.22355574241334,19,22
574,40.5423535340186,-74.21765174419967,16,23
481,40.54689742346688,-74.22350372718792,1,23
575,40.54685758930365,-74.21759933355405,132,23
387,40.54693695593239,-74.22940813257178,1,23
388,40.551438303668746,-74.229352871285,1,22
482,40.55140148147141,-74.2234517002125,1,0
576,40.55136164101008,-74.21754691106912,19,22
483,40.5547575598744,-74.22356657345172,0,-1
668,40.54231340450433,-74.21174775782225,15,23
856,40.54223224053799,-74.19993982093345,23,22
762,40.542272973343536,-74.20584378337043,11,22
669,40.54681745344444,-74.21169495175948,72,0
857,40.54673627664518,-74.19988622404547,58,22
763,40.546777015891024,-74.20579058189352,19,23
858,40.5512403091712,-74.19983261505031,52,22
670,40.55132149880511,-74.2116421337681,80,22
764,40.551281054858215,-74.20573736839872,0,-1
859,40.555744338115964,-74.19977899394483,45,22
577,40.55461168733585,-74.21713078389683,0,-1
389,40.55478162587385,-74.22873566715928,0,-1
671,40.55565463011963,-74.21137032394472,16,22
765,40.555785090245,-74.20568414288292,0,-1
860,40.560248363479374,-74.19972536072596,2,1
672,40.56018414276371,-74.21006669565034,0,-1
766,40.56028912205128,-74.2056309053431,0,-1
673,40.56455586829722,-74.20970012462827,0,-1
861,40.56475238526132,-74.19967171539064,0,-1
767,40.564793150276955,-74.20557765577614,0,-1
768,40.56926723502869,-74.20547397020792,0,-1
862,40.56925640346171,-74.19961805793572,0,-1
769,40.57370587110023,-74.20498605167302,0,-1
863,40.57376041808043,-74.19956438835813,0,-1
770,40.57819375460398,-74.20437495100377,0,-1
864,40.5782644291174,-74.1995107066548,0,-1
771,40.58259415636244,-74.20368164014465,0,-1
865,40.58276843657251,-74.1994570128226,0,-1
1232,40.54206629290442,-74.1763240931195,71,22
1326,40.5420240519023,-74.17042019209589,18,22
1420,40.54198150926637,-74.16451630362279,32,23
1233,40.54657030277351,-74.17626891461842,42,22
1421,40.5464855057303,-74.16446033433408,23,23
1327,40.54652805509265,-74.17036461819941,62,23
1328,40.55103205469748,-74.1703090317492,28,23
1422,40.550989498607834,-74.1644043524024,37,23
1234,40.55107430905795,-74.1762137236529,22,22
1329,40.5555360507167,-74.17025343274211,78,22
1044,40.542149869999875,-74.18813193246113,9,22
950,40.542191206089505,-74.19403587060062,18,0
1138,40.5421082322709,-74.18222800660435,24,22
951,40.54669523570868,-74.19398187830467,86,22
1045,40.54665389308336,-74.18807754476033,21,22
1139,40.54661224877102,-74.18217322350182,16,22
952,40.55119926174586,-74.19392787381221,99,23
1140,40.551116261687405,-74.1821184280242,22,23
1046,40.551157912583996,-74.18802314477372,85,22
953,40.55570328420091,-74.19387385712014,24,23
1517,40.55545062330603,-74.15844329555634,56,23
1705,40.555363988802924,-74.14663320932567,21,22
1612,40.559911429043204,-74.15248144748902,32,23
1518,40.55995460223364,-74.15838689267207,101,0
1706,40.55986795403386,-74.14657601513734,29,0
1613,40.56441539755782,-74.15242463611969,23,23
1707,40.56437191567537,-74.14651880802826,9,22
1519,40.56445857757366,-74.1583304770458,5,0
1614,40.56891936248383,-74.15236781191572,11,0
1708,40.56887587372737,-74.14646158799518,0,-1
1423,40.55549348789886,-74.16434835782451,74,22
1235,40.555578311757685,-74.1761585202198,68,22
1330,40.5600400431502,-74.17019782117491,39,22
1236,40.560082310872566,-74.17610330431597,33,22
1424,40.55999747360326,-74.16429235059715,31,0
1425,40.56450145572097,-74.16423633071715,0,-1
1331,40.56454403199788,-74.17014219704441,0,-1
1237,40.56458630640252,-74.17604807593818,15,6
1426,40.56900543425186,-74.16418029818125,0,-1
1332,40.56904801725964,-74.1700865603474,0,-1
1141,40.55562027101995,-74.1820636201683,57,22
1047,40.55566192850162,-74.18796873249819,12,0
954,40.56020730307373,-74.19381982822533,2,3
1142,40.56012427676851,-74.18200879993098,50,0
1048,40.56016594083617,-74.18791430793055,15,22
955,40.56471131836426,-74.19376578712469,1,1
1049,40.56466994958754,-74.1878598710677,6,22
1143,40.56462827893303,-74.18195396730907,50,0
956,40.569215330072346,-74.19371173381508,0,-1
1144,40.56913227751338,-74.18189912229943,0,-1
1050,40.56917395475563,-74.18780542190652,0,-1
1145,40.573636272509475,-74.18184426489891,0,-1
1051,40.57367795634033,-74.18775096044384,0,-1
957,40.57371933819792,-74.19365766829337,0,-1
1146,40.57814026392123,-74.1817893951043,0,-1
1052,40.57818195434153,-74.18769648667653,0,-1
958,40.57822334274087,-74.19360359055649,0,-1
1147,40.58264425174849,-74.18173451291246,0,-1
959,40.58272734370111,-74.1935495006013,0,-1
1053,40.58268594875916,-74.18764200060144,0,-1
1520,40.56896254932595,-74.15827404867423,0,-1
1615,40.57342332382112,-74.15231097487383,0,-1
1709,40.573379828189736,-74.14640435503473,1,23
1521,40.57346651749045,-74.15821760755414,0,-1
1616,40.57792728156958,-74.15225412499068,1,1
1710,40.57788377906237,-74.14634710914365,0,-1
1522,40.57797048206702,-74.15816115368224,62,23
1617,40.58243123572913,-74.15219726226309,73,0
1711,40.582387726345175,-74.14628985031861,0,-1
1523,40.58247444305558,-74.1581046870553,73,22
1238,40.56909029834743,-74.17599283508326,0,-1
1333,40.57355199893537,-74.17003091108066,0,-1
1427,40.573509409195836,-74.16412425298621,1,1
1239,40.573594286707205,-74.17593758174803,0,-1
1334,40.57805597702499,-74.169975249241,0,-1
1428,40.57801338055279,-74.16406819512882,44,22
1240,40.57809827148175,-74.1758823159293,0,-1
1241,40.582602252670945,-74.1758270376239,0,-1
1429,40.58251734832263,-74.16401212460585,41,23
1335,40.582559951528374,-74.16991957482522,1,23
1430,40.58702131250525,-74.16395604141404,74,22
1242,40.58710623027472,-74.17577174682862,0,-1
1336,40.58706392244544,-74.16986388783005,0,-1
1431,40.59152527310055,-74.16389994555017,35,22
1243,40.59161020429294,-74.17571644354028,0,-1
1337,40.59156788977609,-74.16980818825238,0,-1
1432,40.59602923010844,-74.16384383701103,54,22
1244,40.59611417472552,-74.17566112775572,0,-1
1338,40.596071853520186,-74.16975247608887,8,0
1433,40.60053318352881,-74.16378771579335,25,22
1054,40.587189939593095,-74.18758750221545,30,0
960,40.58723134107852,-74.19349539842467,16,23
1148,40.587148235991215,-74.18167961832025,0,-1
1149,40.59165221664928,-74.18162471132447,3,2
1055,40.59169392684325,-74.18753299151538,60,1
961,40.591735334873015,-74.1934412840235,19,3
962,40.5962393250845,-74.19338715739467,1,2
1056,40.59619791050951,-74.18747846849811,25,0
1150,40.59615619372258,-74.18156979192199,14,22
1057,40.60070189059179,-74.18742393316055,2,22
772,40.58734150957939,-74.20335658259822,0,-1
866,40.58727244044565,-74.19940330685847,9,22
867,40.59154050338176,-74.19900061471031,0,-1
868,40.59579244065464,-74.19738306524282,0,-1
869,40.60115145326106,-74.1974419580055,0,-1
870,40.60547926575096,-74.19889653341386,0,-1
871,40.60979240607855,-74.19913459495007,0,-1
872,40.614167851381474,-74.1988591182989,0,-1
873,40.61882592715558,-74.1984164744759,0,-1
874,40.623285351752465,-74.19864373262378,0,-1
875,40.62775934302799,-74.19853029858037,0,-1
876,40.631695887048714,-74.19772224120537,0,-1
2558,40.58648642926812,-74.09306289843776,113,0
2652,40.58643989206164,-74.08715522373893,25,1
2464,40.58653266438911,-74.0989705868825,197,23
2370,40.58657859742259,-74.10487828898376,277,0
2559,40.59099030531543,-74.09300204739894,100,22
2653,40.59094376075297,-74.08709397645782,25,1
2465,40.591036547744665,-74.09891013208953,91,23
2371,40.591082488038644,-74.10481823044006,10,22
2560,40.59549417776411,-74.0929411826107,60,23
2654,40.59544762584469,-74.08703271533777,21,22
1994,40.58675930864099,-74.12850923216354,0,-1
1900,40.586803731206786,-74.13441700120477,0,-1
1806,40.58684785167312,-74.14032478336554,0,-1
1995,40.59126322782167,-74.12845075865151,0,-1
1901,40.59130765740926,-74.13435892395913,0,-1
1807,40.59135178484966,-74.14026710238964,0,-1
1808,40.59585571443512,-74.14020940838037,12,0
1902,40.59581158001976,-74.1343008335906,11,22
1996,40.59576714340944,-74.12839227192705,0,-1
1809,40.600359640429446,-74.14015170133442,81,23
2276,40.58662422836651,-74.11078600465196,16,22
2182,40.58666955721888,-74.11669373379765,0,-1
2088,40.58671458397771,-74.12260147633135,0,-1
2089,40.59121849608884,-74.12254260655627,0,-1
2183,40.59117346221273,-74.11663446776295,0,-1
2277,40.59112812619533,-74.11072634236103,1,23
2278,40.595632020428425,-74.1106666665892,2,22
2184,40.5956773636118,-74.11657518833682,0,-1
2090,40.59572240460613,-74.12248372347928,0,-1
2279,40.60013591106567,-74.110606977333,6,22
2466,40.59554042750257,-74.09884966363663,77,22
2372,40.59558637505801,-74.10475815832596,11,22
2467,40.6000443036627,-74.09878918152025,31,22
2373,40.600090258480584,-74.10469807263794,5,22
2561,40.599998046614076,-74.0928803040695,43,22
2562,40.60450191186519,-74.09281941177181,70,0
2374,40.60459413830626,-74.10463797337256,1,22
2468,40.60454817622499,-74.09872868573699,19,0
2563,40.609005773517374,-74.0927585057141,15,22
2375,40.609098014534915,-74.10457786052632,6,23
1903,40.60031549903818,-74.13424273009586,90,23
1997,40.60027105540419,-74.12833377198686,75,22
1810,40.60486356283251,-74.14009398124844,46,0
1998,40.60477496380585,-74.12827525882753,97,22
1904,40.60481941446441,-74.1341846134715,79,0
1999,40.60927886861427,-74.12821673244564,220,23
1811,40.609367481644206,-74.14003624811912,74,23
1905,40.609323326298366,-74.13412648371424,36,22
2000,40.61378276982938,-74.12815819283787,37,0
1812,40.61387139686446,-74.13997850194309,41,22
2091,40.600226309529475,-74.12242482709702,7,0
2185,40.60018126141597,-74.11651589551587,4,0
2280,40.60463979810698,-74.11054727458898,4,22
2186,40.604685155625155,-74.11645658929667,78,22
2092,40.60473021085876,-74.12236591740601,64,23
2281,40.60914368155223,-74.1104875583537,0,-1
2093,40.6092341085939,-74.12230699440296,133,23
2187,40.60918904623923,-74.11639726967576,54,22
2282,40.613647561401336,-74.1104278286237,17,22
2094,40.613738002734785,-74.12224805808437,70,23
2469,40.6090520451893,-74.09866817628328,25,0
2564,40.61350963157052,-74.09269758589294,0,-1
2376,40.613601887166475,-74.10451773409578,64,22
2470,40.61355591055553,-74.09860765315567,92,22
2565,40.61801348602451,-74.09263665230472,134,23
2471,40.61805977232358,-74.09854711635063,34,23
2377,40.61810575620081,-74.10445759407746,33,22
2472,40.622563630493374,-74.09848656586473,33,23
2378,40.62260962163785,-74.10439744046789,11,23
2566,40.62251733687925,-74.09257570494597,43,22
1906,40.61382723453992,-74.13406834082065,69,22
2001,40.618286667451066,-74.12809964000081,25,22
1813,40.618375308493135,-74.13992074271704,34,22
1907,40.618331139188996,-74.13401018478743,56,22
2002,40.622790561479235,-74.12804107393112,72,22
1814,40.62287921653015,-74.13986297043765,37,22
1908,40.62283504024548,-74.13395201561119,80,22
1815,40.6273831209754,-74.13980518510154,99,0
2003,40.62729445191378,-74.12798249462534,140,0
1909,40.62733893770926,-74.1338938332886,117,0
2188,40.6136929332581,-74.11633793664976,7,22
2283,40.61815143765419,-74.11036808539555,0,-1
2095,40.61824189328131,-74.12218910844686,54,22
2189,40.61819681668169,-74.11627859021523,5,22
2284,40.62265531031068,-74.11030832866577,38,22
2096,40.622745780233366,-74.12213014548706,20,22
2190,40.622700696509845,-74.11621923036871,0,-1
2285,40.6271591793707,-74.11024855843095,28,23
2097,40.62724966359086,-74.12207116920153,113,23
2191,40.62720457274251,-74.11615985710684,94,22
2473,40.62706748506476,-74.09842600169442,113,22
2567,40.62702118413464,-74.09251474381313,49,22
2379,40.627113483477444,-74.10433727326358,69,22
2568,40.63152502779058,-74.09245376890276,41,22
2474,40.63157133603765,-74.09836542383623,112,22
2380,40.63161734171953,-74.10427709246109,45,0
2569,40.63602886784695,-74.09239278021126,60,22
2475,40.636075183411975,-74.09830483228664,25,22
2381,40.63612119636399,-74.1042168980569,13,1
2570,40.640532704303645,-74.09233177773513,82,22
1524,40.58697840045603,-74.15804820767009,133,22
1618,40.58693518629968,-74.15214038668769,97,22
1712,40.58689167003806,-74.14623257855635,30,22
1619,40.59143913328108,-74.15208349826125,81,23
1713,40.5913956101409,-74.14617529385352,12,23
1525,40.591482354268265,-74.15799171552331,114,22
1526,40.59598630449218,-74.15793521061171,24,23
1620,40.59594307667326,-74.15202659698049,0,-1
1714,40.5958995466536,-74.14611799620685,0,-1
1621,40.60044701647611,-74.1519696828421,0,-1
1245,40.60061814157237,-74.1756057994717,0,-1
1339,40.60057581367767,-74.1696967513364,17,0
1434,40.60503713336156,-74.16373158189391,53,22
1340,40.60507977024842,-74.16964101399175,46,0
1246,40.60512210483337,-74.17555045868504,1,3
1341,40.60958372323236,-74.16958526405169,43,23
1247,40.609626064508426,-74.17549510539254,0,-1
1435,40.60954107960659,-74.16367543530947,42,22
1248,40.61413002059744,-74.17543973959104,3,2
1342,40.61408767262935,-74.16952950151297,57,22
1151,40.600660167211025,-74.18151486010959,4,6
963,40.600743311712854,-74.193333018535,26,23
1058,40.60520586708999,-74.18736938549947,0,-1
964,40.605247294758,-74.19327886744144,0,-1
1152,40.60516413711451,-74.18145991588413,0,-1
1059,40.60970984000401,-74.18731482551172,0,-1
965,40.609751274219825,-74.1932247041108,0,-1
1153,40.60966810343293,-74.18140495924244,0,-1
966,40.61425525009823,-74.19317052854002,2,0
1060,40.61421380933373,-74.18726025319421,2,2
1715,40.600403479576066,-74.14606068561302,0,-1
1527,40.60049025112766,-74.15787869293206,0,-1
1528,40.604994194174644,-74.15782216248107,19,22
1716,40.6049074089082,-74.14600336206873,22,22
1622,40.604950952689556,-74.1519127558428,1,23
1529,40.60949813363298,-74.15776561925547,79,22
1623,40.609454885313454,-74.15185581597933,10,0
1717,40.60941133464989,-74.1459460255707,22,22
1530,40.614002069502604,-74.15770906325199,16,22
1718,40.613915256801036,-74.14588867611553,141,22
1436,40.61404502226378,-74.16361927603674,56,22
1437,40.61854896133306,-74.16356310407254,138,23
1343,40.618591618439325,-74.1694737263724,5,3
1249,40.61863397310032,-74.17538436127731,0,-1
1344,40.623095560662186,-74.16941793862675,27,23
1438,40.623052896814315,-74.16350691941362,215,23
1250,40.62313792201696,-74.17532897044819,0,-1
1251,40.62764186734724,-74.17527356710043,9,0
1345,40.62759949929777,-74.16936213827279,0,-1
1439,40.62755682870745,-74.16345072205671,195,1
1154,40.61417206616618,-74.18134999018133,0,-1
1155,40.618676025314194,-74.18129500869766,0,-1
1061,40.61871777507908,-74.18720566854377,0,-1
967,40.61875922239313,-74.19311634072594,1,0
1156,40.623179980876834,-74.18124001478824,0,-1
968,40.6232631911044,-74.19306214066542,0,-1
1062,40.623221737239916,-74.18715107155721,0,-1
1063,40.62772569581619,-74.1870964622314,0,-1
1157,40.627683932854,-74.18118500844987,3,22
969,40.627767156231954,-74.19300792835537,0,-1
1624,40.613958814347725,-74.15179886324839,25,22
1625,40.61846273979228,-74.15174189764672,30,22
1719,40.61841917536153,-74.14583131370001,23,22
1531,40.618506001783416,-74.15765249446743,103,22
1626,40.62296666164698,-74.15168491917095,42,1
1720,40.622923090331284,-74.14577393832079,22,1
1532,40.62300993047529,-74.15759591289844,216,3
1721,40.6274270017102,-74.14571654997454,136,23
1627,40.627470579911765,-74.15162792781787,258,22
1533,40.62751385557814,-74.15753931854182,216,0
1628,40.6319744945865,-74.15157092358416,97,0
1722,40.63193090949817,-74.14565914865797,58,23
1534,40.63201777709187,-74.15748271139428,208,23
1629,40.63607808365924,-74.15131516467437,116,23
1723,40.6364346391914,-74.14560127169501,84,23
1535,40.636173133401975,-74.15753696989981,184,22
1346,40.632103434346064,-74.16930632530735,3,2
1440,40.63206075701235,-74.16339451199858,138,23
1252,40.63214580909111,-74.17521815123087,0,-1
1253,40.63664974724843,-74.17516272283628,0,-1
1347,40.63660736580692,-74.16925049972714,276,23
1441,40.63653834049364,-74.16336649841053,331,23
1348,40.640425921216774,-74.16930206993487,123,22
1442,40.64032754202182,-74.16372858011042,48,0
1254,40.64108197789306,-74.1750676891156,1,1
970,40.63227111777571,-74.1929537037926,0,-1
1064,40.63222965080778,-74.18704184056321,0,-1
1158,40.63218788124563,-74.1811299896794,0,-1
1065,40.63673360221459,-74.18698720654947,0,-1
1159,40.636691826051596,-74.18107495847366,1,2
971,40.636440399260714,-74.19224994436696,0,-1
1160,40.64109994962648,-74.18108683438169,0,-1
1066,40.64091362362303,-74.1865444892125,1,1
5087,40.545893704310735,-73.93478609977194,0,-1
5088,40.549094483659225,-73.93413260423945,0,-1
5276,40.55031191797832,-73.92296220662564,0,-1
5182,40.54933277959622,-73.92849190310454,0,-1
5183,40.55354354113788,-73.92815668587217,7,6
4993,40.54503723231357,-73.93890462852336,0,-1
4994,40.54918252585515,-73.93866063676003,0,-1
4995,40.553395315534964,-73.9386166889451,0,-1
5277,40.55348860723315,-73.92225220282478,0,-1
5089,40.55359817335339,-73.93406118514153,1,5
5184,40.55786181604133,-73.92786097845604,2,5
5278,40.55799227597989,-73.9221799765718,8,22
5090,40.556675581455686,-73.9336227573682,0,-1
5279,40.56118521953964,-73.9219977251193,0,-1
4906,40.57690084668481,-73.94568963650241,31,22
5000,40.576944107698715,-73.93963450145156,0,-1
4812,40.57648899704711,-73.9514970660444,419,23
5001,40.579734225602415,-73.93952681206024,37,22
4907,40.580009269317415,-73.94562958716877,6,23
4813,40.58043028168106,-73.95142254790886,144,23
4435,40.57314813464231,-73.97530949145283,1,3
4529,40.57353917560441,-73.9695755485228,0,-1
4436,40.57649084112713,-73.97504963896729,69,22
4624,40.576385415482285,-73.96323647673567,1010,23
4530,40.57643827927683,-73.96914305004307,370,0
4718,40.576388583937344,-73.95737202983518,299,23
4437,40.58099456822322,-73.97498089484628,42,23
5094,40.576970548190836,-73.93398219020041,0,-1
5095,40.57973599854942,-73.93429846988613,4,0
4531,40.58094199806447,-73.96907390993366,151,23
4625,40.58088912591374,-73.96316694064181,519,23
4719,40.5808359517734,-73.95725998706023,414,22
4438,40.58549829170022,-73.97491213519392,61,23
4532,40.5854457132319,-73.96900475420344,318,22
4626,40.5853928327239,-73.96309738883772,126,0
4439,40.590002011558,-73.9748433600062,88,23
4627,40.58989653591262,-73.96302782131939,146,22
4533,40.589949424779014,-73.96893558284842,1282,22
4534,40.59445313270569,-73.96886639586465,98,22
2743,40.573981830386934,-74.0830305961447,0,-1
2744,40.57745346715909,-74.08145556516108,9,23
2838,40.578514221125346,-74.0769901869419,1,5
2745,40.58188918788363,-74.08130919247048,22,3
2839,40.58197560702713,-74.07557984622694,1,0
2934,40.58663833726465,-74.06994400219418,10,22
2746,40.58639305277172,-74.08124756287553,0,-1
2840,40.58634591140042,-74.07533991593704,0,-1
2935,40.590802314286755,-74.0693698470262,41,23
2747,40.59089691405933,-74.08118591935563,12,22
2841,40.590849765236555,-74.07527787618194,108,23
2936,40.59530615702113,-74.06930739693199,181,23
2748,40.59540077174634,-74.0811242619073,173,23
2842,40.595353615471126,-74.07521582240888,140,23
2937,40.599809996152835,-74.06924493272673,15,23
4341,40.57292113840142,-73.98113629365936,0,-1
4153,40.57242768766903,-73.99288997959408,242,22
3965,40.57329839682555,-74.00390876732187,12,22
4059,40.57243119703401,-73.99873926954143,760,23
3966,40.57674912113456,-74.004582814711,93,22
3872,40.57687186571299,-74.01003054334878,13,22
4060,40.57669806903989,-73.99867614904393,992,22
3873,40.58004019637128,-74.00935830163527,10,23
3967,40.58036438070625,-74.00464328338231,42,1
4061,40.58076126468815,-73.99860195655066,86,0
4247,40.57270581392804,-73.98702098195078,75,22
4154,40.57664671498954,-73.9927694985466,1833,0
4342,40.57654310103087,-73.98095624341887,226,22
4248,40.57659270834462,-73.9868610068137,677,22
4155,40.58112077657397,-73.9923833030249,0,-1
4343,40.58104683638772,-73.98088789529027,14,23
4249,40.58131158426332,-73.9865845641797,30,1
4156,40.58576008543786,-73.99270739247513,10,0
4344,40.585550568126564,-73.9808195317197,9,0
4250,40.58560254250861,-73.98672694369141,147,0
4062,40.585245345018876,-73.99761139367988,0,-1
4063,40.5905496958113,-73.9973217143143,0,-1
3970,40.5957991797332,-74.0024158015019,1,23
4064,40.594777130455846,-73.99835463445305,86,22
3971,40.599401977547835,-74.00407902145842,472,22
4814,40.58537176351617,-73.95134225947416,194,23
4908,40.58545594157267,-73.94536370525299,239,22
4720,40.585339650178554,-73.95719003918624,488,23
5002,40.58536721773314,-73.93944120865963,122,0
4815,40.58978985192695,-73.95121234550555,204,23
4909,40.58973605681237,-73.94530463139968,161,0
4721,40.58984334496115,-73.95712007550861,334,22
5003,40.58968195961978,-73.93939693328049,154,22
5004,40.59418562527164,-73.93932576507308,381,0
4816,40.59429353463193,-73.95114196977543,337,23
5284,40.585127012675585,-73.92159564387572,17,23
5190,40.58512103281486,-73.92793515118592,9,22
5096,40.58517437618398,-73.93356565980103,349,23
5285,40.58950439820939,-73.92165080729,15,23
5191,40.589886638978676,-73.92729183733734,52,22
5097,40.58954861900149,-73.93371086978027,37,22
5098,40.5942445408011,-73.93381429129703,140,0
5192,40.59410978429949,-73.92739958203356,57,22
5286,40.59370626271579,-73.9219229762766,0,-1
5193,40.598290237694705,-73.92774335765753,22,1
4910,40.59423973101465,-73.94523385942888,159,0
4722,40.59434703612109,-73.95705009602324,521,22
5005,40.59868928729734,-73.9392545807854,1158,22
4817,40.59879721371303,-73.95107157814407,340,22
4911,40.59874340159192,-73.94516307146735,152,23
4723,40.59885072365828,-73.95698010072611,217,22
4818,40.603300889170136,-73.95100117060738,353,22
4724,40.603354407572596,-73.9569100896132,603,23
4912,40.60324706854408,-73.94509226751094,187,23
5006,40.6031929456968,-73.93918338041341,54,23
4628,40.5944002354798,-73.96295823808283,164,22
4440,40.59450572779645,-73.97477456927923,168,0
4629,40.598903931425326,-73.96288863912396,147,0
4441,40.599009440415465,-73.97470576300898,209,23
4535,40.59895683701183,-73.9687971932481,81,22
4630,40.60340762374911,-73.96281902443884,346,23
4442,40.60351314941492,-73.97463694119149,450,0
4536,40.60346053769733,-73.96872797499482,173,23
4537,40.607964234762065,-73.96865874110077,274,23
4631,40.607911312451016,-73.96274939402346,437,23
5287,40.597998827564794,-73.9208094382573,0,-1
5099,40.59863487083165,-73.93334610618784,528,22
5194,40.603355924759285,-73.92693591187034,0,-1
5288,40.60324240285674,-73.92145548545189,0,-1
5100,40.60318688206785,-73.93355040543238,18,22
5289,40.60752496084505,-73.9214977600276,12,0
5101,40.60764216680217,-73.93320289644285,58,0
5195,40.607587430870275,-73.92729364511484,74,0
5196,40.61209106476367,-73.92722161938475,454,22
5290,40.61203601787175,-73.92131198774612,138,0
4819,40.60780456100314,-73.95093074716132,232,23
5007,40.607696600469865,-73.93911216395296,61,23
4725,40.60785808786393,-73.95684006268044,398,22
4913,40.60775073187099,-73.94502144755563,53,23
4726,40.61236176453216,-73.95677001992381,546,22
4820,40.612308229211905,-73.95086030780182,221,22
5008,40.61220025161648,-73.93904093139994,132,22
4914,40.61225439157257,-73.94495061159735,189,23
4727,40.6168654375772,-73.95669996133927,604,22
4915,40.616758047648695,-73.94487975963196,90,22
4443,40.60801685479474,-73.97456810382282,600,22
4444,40.61252055655477,-73.97449925089894,190,23
4538,40.61246792820593,-73.96858949156197,128,22
4632,40.61241499753094,-73.96267974787374,320,22
4445,40.61702425469493,-73.97443038241595,98,22
4539,40.61697161802881,-73.96852022637442,140,22
4633,40.616918678988796,-73.96261008598567,190,22
4446,40.62152794921509,-73.97436149836979,28,0
4540,40.62147530423059,-73.96845094553417,63,22
4634,40.621422356824425,-73.9625404083553,337,23
5102,40.61214580934605,-73.93313126729923,62,0
5103,40.616649448262194,-73.93305962196936,99,0
5197,40.6165946950282,-73.92714957737883,326,0
5291,40.61653963943689,-73.9212395490683,446,0
5198,40.62109832166372,-73.9270775190929,171,23
5104,40.6211530835505,-73.93298796044908,165,0
5292,40.621043257371866,-73.92116709402087,185,22
5199,40.62560194467013,-73.9270054445228,119,0
5293,40.625546871676576,-73.92109462259968,144,23
5105,40.62565671521083,-73.93291628273427,263,0
4821,40.616811893796374,-73.95078985252484,3,22
5009,40.616703899136496,-73.93896968275024,222,22
4728,40.6213691069989,-73.95662988692276,390,23
4822,40.62131555475637,-73.95071938132624,21,23
5010,40.6212075430298,-73.93889841799977,250,0
4916,40.621261700099225,-73.94480889165538,59,22
4917,40.62576534892409,-73.94473800766353,631,22
4823,40.625819212091834,-73.95064889420203,10,1
5011,40.62571118329629,-73.9388271371444,143,22
4729,40.625872772797166,-73.95655979667022,507,22
4635,40.625926031037736,-73.96247071497851,371,22
4447,40.626031640115166,-73.97429259875656,153,22
4541,40.62597898681117,-73.96838164903716,225,22
4636,40.630429701628636,-73.96240100585133,205,23
4448,40.63053532739503,-73.97422368357225,470,23
4542,40.63048266577045,-73.96831233687942,464,23
4449,40.63503901105457,-73.97415475281288,532,23
4543,40.6349863411083,-73.96824300905692,505,22
4637,40.634933368597,-73.96233128096974,362,23
4544,40.63949001282462,-73.96817366556569,299,23
3029,40.59125406064891,-74.06462454074958,4,0
3030,40.595268478081,-74.06341202619735,297,23
3124,40.596065295871746,-74.0589711994786,0,-1
3031,40.59976222798121,-74.06333612495384,32,23
2749,40.59990462583267,-74.08106259052694,18,22
2655,40.5999514873367,-74.08697144037521,54,0
2843,40.59985746210401,-74.07515375461428,23,23
2938,40.604313831681765,-74.06918245440679,40,0
2750,40.60440847631821,-74.081000905211,4,22
2844,40.60436130513513,-74.07509167279454,52,23
2656,40.60445534522892,-74.08691015156663,82,23
2657,40.60895919952122,-74.08684884890849,155,0
2751,40.60891232320287,-74.08093920595596,180,22
2939,40.608817663607816,-74.06911996196855,37,23
3503,40.60890263512975,-74.03301142653878,0,-1
3504,40.6130302116023,-74.0335976852387,410,23
3125,40.599783113094,-74.05751886212106,0,-1
3032,40.6042660559602,-74.06327325013729,43,22
3126,40.60420160718584,-74.05738477579239,1,22
3033,40.60876988033531,-74.06321036111288,62,22
3127,40.60825091468571,-74.05864098873852,0,-1
3034,40.61310112271434,-74.0635208103915,93,22
2845,40.60886514456436,-74.0750295769461,59,22
2658,40.61346305021349,-74.08678753239722,179,22
2752,40.61341616648651,-74.08087749275816,589,22
2846,40.6133689803916,-74.07496746706538,108,22
2940,40.61332149193087,-74.06905745540844,172,22
2753,40.61792000616904,-74.08081576561412,635,22
2659,40.61796689730565,-74.08672620202933,91,22
2941,40.61771990030079,-74.06915048948785,62,0
2847,40.617872812616746,-74.07490534314874,129,23
2848,40.62236783853441,-74.0748555280377,165,22
3035,40.6165834902622,-74.06486996608804,2,22
3410,40.613778146790786,-74.03793545417092,3,0
3505,40.617533990287995,-74.03353278401575,679,22
3411,40.617664289373465,-74.03868568945892,266,23
3506,40.622037765364375,-74.03346786812591,317,22
3412,40.62211789401485,-74.0390506689505,165,22
3507,40.62654153683135,-74.03340293756541,102,22
3413,40.62655488733635,-74.03897287848486,116,22
2942,40.62130645982657,-74.07073432139234,5,22
2660,40.62247074079756,-74.08666485780125,51,0
2754,40.622423842250356,-74.08075402452027,767,22
2755,40.62692767473036,-74.08069226947302,248,23
2661,40.626974580689165,-74.08660349970944,22,22
2849,40.62685507995685,-74.07512925753544,321,22
2662,40.63147841698032,-74.08654212775036,151,22
2756,40.63143150360896,-74.08063050046883,113,0
3414,40.63092786761167,-74.03845081608857,10,22
3508,40.631045304688804,-74.03333799233052,129,23
3509,40.63554906893663,-74.03327303241744,328,22
3415,40.63523317063598,-74.03743730360964,41,0
3510,40.6400475651918,-74.03318348098611,88,22
3511,40.64326948355834,-74.03246142243444,0,-1
4157,40.59020883890343,-73.99248634794044,72,23
4251,40.59010627884453,-73.9866589608502,177,0
4345,40.590054296247274,-73.98075115270329,703,22
4158,40.59466170023481,-73.99249918242455,189,22
4346,40.59455802074976,-73.9806827582371,534,23
4252,40.594610011563304,-73.9865909626487,135,23
4159,40.59916543750598,-73.99243156521692,317,22
4347,40.599061741633896,-73.9806143483171,205,23
4253,40.59911374066483,-73.98652294908291,381,22
4348,40.60356545889958,-73.98054592293938,233,22
4065,40.59921683215507,-73.99834019662957,315,22
3877,40.60062119083405,-74.00902864320156,11,2
3972,40.60377167446292,-74.00418200365205,300,0
4066,40.60372057393293,-73.99827296059483,315,0
3878,40.60382247274859,-74.01009106181273,199,0
4067,40.60822431209549,-73.99820570936707,1969,23
3879,40.60832622701597,-74.01002460367881,160,23
3973,40.60827542070177,-74.00411514896929,240,23
3880,40.612829977670074,-74.00995813052718,173,23
3974,40.612779163326266,-74.00404827917923,123,0
3690,40.60484819305215,-74.02167524501408,2,1
3596,40.60531451735639,-74.02756885630924,12,6
3784,40.60416390620431,-74.0158853484511,56,22
3691,40.6084269327592,-74.02184355806149,0,-1
3597,40.60847683218378,-74.02775305755549,15,1
3785,40.60837673103586,-74.01593407340607,97,23
3692,40.61293069932922,-74.02177787819821,1,22
3598,40.61298060664012,-74.02768777434207,19,1
4160,40.60366917116086,-73.99236393273061,1220,23
4254,40.603617466149,-73.98645492014896,202,22
4349,40.60806917254671,-73.98047748210006,554,22
4255,40.60812118801567,-73.98638687584287,377,23
4161,40.60817290119936,-73.99229628496175,200,0
4350,40.61257288257516,-73.98040902579508,400,0
4162,40.61267662762137,-73.99222862190642,271,23
4256,40.61262490626479,-73.98631881616079,206,22
4351,40.61707658898482,-73.98034055402056,132,23
4163,40.61718035042676,-73.99216094356075,374,23
4068,40.6127280466426,-73.99813844294243,287,23
3975,40.6172829023363,-74.00398139427799,188,22
4069,40.61723177757421,-73.99807116131704,209,23
3881,40.61733372471079,-74.00989164235398,86,23
3976,40.62178663773177,-74.00391449426172,279,23
3882,40.621837468138,-74.00982513915535,127,23
4070,40.62173550489017,-73.99800386448696,287,23
3977,40.626290369512574,-74.00384757912654,374,23
3883,40.62634120795159,-74.00975862092749,173,0
4071,40.626239228590386,-73.99793655244837,275,0
3786,40.6128804896718,-74.01586799689672,52,22
3693,40.61743446228797,-74.02171218349254,86,23
3787,40.61738424469542,-74.01580190545538,96,23
3599,40.617484377486235,-74.02762247637588,258,22
3694,40.62193822163531,-74.02164647394073,446,22
3600,40.621988144721975,-74.02755716365319,282,23
3788,40.62188799610658,-74.01573579907823,123,22
3601,40.626491908347276,-74.02749183617016,318,23
3789,40.626391743905195,-74.0156696777615,127,23
3695,40.626441977371165,-74.02158074953894,225,22
4257,40.6171286208962,-73.98625074109871,292,0
4164,40.621684069615426,-73.99209324992076,434,23
4352,40.6215802917756,-73.98027206677254,95,22
4258,40.62163233190981,-73.98618265065275,319,22
4165,40.62618778518728,-73.99202554098262,79,0
4259,40.62613603930551,-73.98611454481896,22,0
4353,40.62608399094738,-73.98020356404705,24,22
4166,40.63069149714219,-73.99195781674237,122,22
4260,40.630639743083194,-73.98604642359344,37,0
4354,40.63058768650005,-73.98013504584014,52,23
3790,40.630895488091156,-74.01560354150136,173,23
3696,40.630945729495416,-74.02151501028344,457,0
3602,40.630995668362026,-74.02742649392303,450,23
3603,40.63549942476612,-74.02736113690808,644,22
3791,40.635399228664355,-74.01553739029394,49,1
3697,40.63544947800795,-74.02144925617036,363,0
3792,40.63990296562468,-74.0154712241355,843,0
3698,40.63995322290867,-74.02138348719595,348,23
3604,40.640003177559436,-74.02729576512152,198,23
3793,40.64440669897202,-74.01540504302217,712,22
3978,40.63079409767859,-74.00378064886863,112,23
3884,40.63084494415147,-74.00969208766651,163,23
4072,40.63074294867475,-73.99786922519733,78,23
4073,40.63524666514314,-73.99780188273002,77,23
3885,40.63534867673753,-74.00962553936861,400,0
3979,40.63529782222972,-74.00371370348408,192,0
3886,40.63985240570965,-74.00955897602995,425,0
4074,40.63975037799546,-73.99773452504245,349,0
3980,40.63980154316584,-74.00364674296902,272,0
3887,40.64435613106774,-74.00949239764668,698,23
4918,40.630268994123156,-73.94466710765231,510,22
4730,40.63037643497192,-73.95648969057765,687,22
4824,40.63032286580263,-73.9505783911481,287,23
5012,40.63021481993586,-73.93875584018001,146,23
4919,40.63477263569633,-73.94459619161766,881,0
4731,40.63488009352301,-73.956419568641,349,23
5013,40.634718452948384,-73.93868452710248,99,0
4825,40.63482651588866,-73.95050787216037,1034,23
4920,40.63927627364348,-73.94452525955543,2068,22
4732,40.639383748450335,-73.95634943085615,1807,22
5106,40.63016034324311,-73.93284458882081,128,0
5294,40.63005048235094,-73.92102213480052,92,0
5200,40.63010556404734,-73.92693335366442,1065,22
5107,40.63466396764721,-73.93277287870453,49,23
5201,40.63460917979521,-73.92686124651354,97,22
5295,40.634554089394804,-73.92094963061922,531,22
5108,40.63916758842301,-73.93270115238133,245,1
5296,40.63905769280807,-73.92087711005158,70,22
5202,40.63911279191364,-73.92678912306604,159,23
5203,40.64361640040251,-73.92671698331768,208,0
4450,40.639542691093695,-73.97408580647445,487,22
4638,40.63943703194272,-73.96226154032969,512,22
4545,40.643993680919294,-73.96810430640168,98,22
4639,40.64394069166569,-73.96219178392717,1451,22
4451,40.64404636751227,-73.97401684455302,296,22
4640,40.64844434776579,-73.9621220117581,1665,22
4546,40.648497345392215,-73.96803493156094,339,22
4452,40.6485500403102,-73.97394786704456,424,22
4641,40.652948000242915,-73.96205222381852,1904,22
4547,40.65300100624327,-73.96796554103943,170,0
4826,40.6393301623498,-73.95043733723483,630,22
5014,40.63922208233375,-73.93861319790767,277,22
4921,40.64377990796451,-73.94445431146154,427,0
4733,40.64388739975379,-73.95627927721911,874,22
4827,40.64383380518594,-73.95036678636733,919,22
4922,40.64828353865929,-73.94438334733192,506,22
4734,40.64839104743326,-73.95620910772581,638,22
4828,40.64833744439698,-73.9502962195538,1171,23
4923,40.65278716572774,-73.94431236716244,599,22
4829,40.65284107998279,-73.95022563679022,1584,23
5297,40.64356129259062,-73.92080457309338,28,22
5015,40.64372570809185,-73.93854185259151,192,6
5109,40.6436712055704,-73.932629409847,227,23
5204,40.648120005261724,-73.92664482726437,316,22
5016,40.6482293302226,-73.93847049114987,67,22
5110,40.64817481908927,-73.93255765109743,145,22
5298,40.648064888742354,-73.9207320197405,144,22
5205,40.65262360649115,-73.9265726549019,691,0
5111,40.65267842897952,-73.9324858761285,480,23
5017,40.65273294872584,-73.93839911357858,598,23
5299,40.65256848126315,-73.92065944998865,175,22
5300,40.65707207015291,-73.92058686383378,870,0
5018,40.65723656360149,-73.93832771987357,982,23
5112,40.65718203524102,-73.93241408493603,264,23
5206,40.65712720409068,-73.92650046622614,536,22
5113,40.661685637873674,-73.93234227751587,428,22
5207,40.661630798060216,-73.92642826123287,1034,22
5019,40.66174017484945,-73.93825631003068,661,23
5301,40.66157565541149,-73.92051426127156,1105,0
5020,40.66624378246958,-73.93818488404578,587,23
4735,40.65289469148864,-73.95613892237219,2072,22
4924,40.65729078916971,-73.94424137094902,95,22
4830,40.65734471194328,-73.95015503807248,1605,4
4736,40.65739833191982,-73.95606872115421,884,22
4925,40.66179440898514,-73.94417035868749,832,22
4737,40.66190196872668,-73.9559985040678,381,23
4831,40.66184834027834,-73.95008442339649,1580,22
4926,40.66629802517388,-73.94409933037385,394,22
4832,40.66635196498785,-73.95001379275817,617,23
4738,40.66640560190914,-73.95592827110889,930,22
4453,40.653053709487374,-73.97387887394511,34,22
4454,40.65755737504368,-73.97380986525069,26,23
4548,40.657504663472366,-73.96789613483311,1,22
4642,40.657451649096956,-73.96198242010435,1233,22
4455,40.66206103697902,-73.97374084095726,0,-1
4643,40.66195529432782,-73.9619126006116,1006,23
4549,40.66200831707937,-73.96782671293803,1,22
4644,40.66645893593537,-73.96184276533617,362,22
4456,40.66656469529327,-73.9736718010609,18,23
4550,40.666511967064196,-73.96775727535014,0,-1
5302,40.66607923703881,-73.92044164229785,915,0
5208,40.66613438839964,-73.92635603991795,754,22
5114,40.666189236877365,-73.93227045386388,1365,22
5115,40.67069283225198,-73.9321986139759,1076,23
5209,40.670637975108825,-73.92628380227715,1005,23
5303,40.67058281503473,-73.92036900690842,800,23
5021,40.67074738646177,-73.93811344191477,1041,23
5022,40.67525098682592,-73.93804198363351,1032,22
5304,40.67508638939916,-73.92029635509914,853,23
5210,40.67514155818767,-73.92621154830637,914,22
4645,40.670962573919496,-73.96177291427408,644,22
4457,40.67106834998633,-73.97360274555761,151,22
4551,40.67101561342671,-73.96768782206543,58,22
4458,40.67557200105808,-73.97353367444335,172,23
4646,40.675466208280106,-73.96170304742125,1041,23
4552,40.675519256166815,-73.96761835307989,416,22
4459,40.68007564850842,-73.97346458771412,650,22
4647,40.67996983901709,-73.96163316477367,668,23
4553,40.6800228952844,-73.96754886838946,387,22
4460,40.68457929233725,-73.973395485366,264,23
7918,40.59284340136366,-73.75609072375113,81,22
7824,40.59311047671306,-73.76213753758556,242,22
7730,40.59279397327915,-73.76806798194153,6,2
7825,40.59692536008776,-73.76200774186213,292,22
7261,40.5971906614868,-73.79741689284907,255,22
7167,40.59694813692868,-73.80242323276809,86,22
7356,40.60053974855595,-73.79034817348729,0,-1
7169,40.606458303242746,-73.80245840816073,0,-1
7263,40.606434937580865,-73.79758176881376,0,-1
7264,40.61108653402069,-73.79726323606994,0,-1
7543,40.596610960649045,-73.7796906144128,94,22
7449,40.59711876562375,-73.78556527481028,367,22
7638,40.60080019927832,-73.77522600513502,6,1
7450,40.60120931689987,-73.78493357299084,0,-1
7544,40.60203521829222,-73.77994090573809,0,-1
7639,40.606228248546344,-73.77567979469517,0,-1
7545,40.605989845918145,-73.7793819416284,0,-1
7640,40.610967711941726,-73.77314022370928,12,23
7452,40.61195093650713,-73.78619557610779,0,-1
7919,40.59686187966304,-73.75609979141153,393,22
7731,40.596907112750664,-73.76781496390717,114,22
7826,40.601428739708155,-73.76192465103455,301,22
7920,40.60136524925097,-73.7560163043063,636,22
7732,40.601450524207216,-73.76775081636825,148,22
7921,40.60586861517424,-73.75593279833775,571,23
7827,40.60593211566524,-73.76184154143314,133,23
7733,40.60593434075872,-73.76744460178004,113,23
7734,40.61062801411871,-73.76744346305675,62,22
7922,40.60922794729737,-73.75578967431863,133,0
7828,40.60978146964547,-73.76202962998184,5,2
7735,40.614852500024604,-73.76826048513857,4,23
7736,40.61896238663632,-73.76883471969067,0,-1
7737,40.62430977022575,-73.76942341399372,0,-1
7358,40.61095246409612,-73.79135899479388,0,-1
7171,40.61579450558828,-73.80336787911712,0,-1
7265,40.61506518114587,-73.79651293037016,0,-1
7359,40.615251925080635,-73.79122322641291,0,-1
7172,40.61998761808288,-73.80312769541916,0,-1
7266,40.61957780908021,-73.79583852247178,0,-1
7360,40.61975533951965,-73.7911420437114,0,-1
7173,40.62404942622026,-73.80255787123964,0,-1
7267,40.624631038232486,-73.79781194834847,0,-1
7641,40.61516206509003,-73.77191565227783,0,-1
7453,40.61500897660599,-73.7855784819531,0,-1
7454,40.61980452007775,-73.7863802995836,0,-1
7455,40.62402899365422,-73.78492676811861,0,-1
7643,40.62484097421693,-73.7717591132528,0,-1
7363,40.63466213362693,-73.78955320548364,0,-1
7270,40.638743675660336,-73.79624671981088,0,-1
7456,40.62823799536047,-73.78299496503743,0,-1
7550,40.62895309486623,-73.77938734903474,0,-1
7644,40.628646602010484,-73.77315371224243,0,-1
7551,40.63314116177234,-73.77907597132747,0,-1
7457,40.63351351637063,-73.78469689247605,0,-1
7645,40.63307850848523,-73.77316479199543,0,-1
7552,40.637644541925354,-73.7789939211861,0,-1
7646,40.63758187873844,-73.77308234484555,0,-1
7458,40.63770690258077,-73.78490551606993,0,-1
7459,40.64221028892675,-73.7848238444883,0,-1
7738,40.62886076796598,-73.7679055665213,0,-1
7833,40.63303407126656,-73.76143643591273,0,-1
7739,40.63301555271713,-73.76725363129151,0,-1
7927,40.63385909004723,-73.75585272343825,0,-1
7834,40.63745564478117,-73.76125924815275,0,-1
7740,40.637518913022795,-73.76717078713786,0,-1
7928,40.63739207401636,-73.75534772797988,0,-1
7835,40.64195899142718,-73.76117598818784,0,-1
8012,40.59327263057836,-73.75110806442459,185,22
8107,40.59681801450745,-73.74435226951596,557,22
8201,40.596676073973576,-73.7396633236362,29,23
8013,40.596798097147655,-73.75019185981944,168,22
8108,40.60123736192429,-73.74419966752926,68,0
8202,40.60116034613607,-73.73969774999512,2,1
8014,40.601301456655406,-73.75010797644137,463,22
8109,40.60555094800612,-73.74441582883257,12,22
8015,40.605804812497155,-73.75002407411051,247,22
8110,40.609583410117075,-73.74562640275111,15,23
8016,40.60984141656423,-73.74973363478811,159,22
8116,40.637873503756865,-73.7434482456001,14,22
8022,40.63744526959151,-73.75009485476865,0,-1
8117,40.641814616143265,-73.7440464150666,5,2
6515,40.62446938601858,-73.8452718506826,0,-1
6703,40.62458797511953,-73.83220513666,0,-1
6610,40.62958444800804,-73.83931617574682,0,-1
6516,40.62933517269346,-73.84243484328746,0,-1
6704,40.62883996152086,-73.83117797719389,0,-1
6517,40.634424406867446,-73.84568414866007,0,-1
6705,40.63388552570535,-73.83054099818658,0,-1
6985,40.62467162152408,-73.81390611195427,0,-1
6797,40.62462457221371,-73.82652376018827,0,-1
6892,40.62865288377137,-73.82174544134928,0,-1
6986,40.62888478184715,-73.81497662292564,0,-1
6798,40.62912803714477,-73.82644492192169,0,-1
6893,40.63325532507421,-73.82271199409492,0,-1
6799,40.63361203079347,-73.82636537293237,0,-1
6424,40.636958374314055,-73.84909788094753,0,-1
6237,40.643891879387326,-73.86202228559688,0,-1
6426,40.64735607118495,-73.84937031857459,0,-1
6238,40.647497076040246,-73.86160486125152,0,-1
6333,40.652440565020065,-73.85545124995298,0,-1
6518,40.63703925722968,-73.84568571465702,0,-1
6706,40.63720279893749,-73.83144247348227,0,-1
6614,40.647348392308665,-73.83852884779546,13,0
6708,40.648765208400896,-73.83301974488022,0,-1
6520,40.64732083015949,-73.84386704690185,6,22
6709,40.65182537198661,-73.8322148815787,49,0
6615,40.65176100904803,-73.83810067129446,45,22
6896,40.64809799440203,-73.81874680471986,0,-1
6990,40.647212181803134,-73.8141084348003,0,-1
6803,40.65159644831821,-73.82646358221325,15,0
6991,40.651524461518605,-73.81422465347504,0,-1
6897,40.65168931181766,-73.81976559627269,0,-1
6992,40.6560278854559,-73.81414491343537,0,-1
6804,40.65618108526256,-73.82660060939381,18,22
6898,40.65607605321947,-73.82003981661497,0,-1
6993,40.66045803964319,-73.81400654051237,0,-1
6899,40.660529290878436,-73.8198834162124,0,-1
6805,40.66074295021928,-73.82605167943578,0,-1
6994,40.66503472237114,-73.81398537928072,148,22
6900,40.665095325198955,-73.81989946767219,68,0
6806,40.66515562518949,-73.82581357400665,61,0
6521,40.65182430511743,-73.84378931147852,46,22
6616,40.656273487902595,-73.83773017184039,24,22
6710,40.656187074115834,-73.83192644543463,106,23
6522,40.65632777642873,-73.84371155848501,90,23
6523,40.66083124409325,-73.84363378791681,120,22
6711,40.66072182342718,-73.83181660147176,63,22
6617,40.66082967006496,-73.83744599552928,39,23
6524,40.66533470811087,-73.8435559997695,52,0
6712,40.66521562234007,-73.83172769819421,138,1
6618,40.665275316648085,-73.83764184014512,55,22
6239,40.65193281781197,-73.86164241383528,20,0
6427,40.652109438981725,-73.849457301035,7,23
6334,40.65644561357088,-73.85553834015595,25,23
6240,40.65649925238932,-73.86151619309152,19,0
6428,40.65638684637721,-73.84962494057805,57,22
6335,40.660949099852814,-73.85546136461744,224,0
6241,40.66102553653118,-73.86138101495627,103,0
6429,40.66089032337434,-73.84954756752246,62,22
6242,40.66551106540178,-73.86129858378521,154,22
6336,40.66545258249031,-73.85538437167936,376,22
6430,40.66539379672581,-73.84947017697753,83,22
6337,40.66995606148326,-73.85530736133734,383,22
6431,40.669897266431505,-73.84939276893877,244,22
6243,40.67001455363416,-73.86122197114435,457,0
6338,40.67445953683156,-73.85523033358687,111,22
6432,40.6744007324913,-73.84931534340176,318,22
6244,40.67451803822312,-73.8611453411849,106,0
6433,40.67890419490511,-73.84923790036193,643,0
6245,40.67902151916854,-73.86106869390242,440,0
6339,40.6789630085351,-73.85515328842352,308,23
6995,40.66953813534885,-73.8139055851565,467,22
6901,40.669598747750904,-73.81982007121749,176,0
6807,40.669659057267836,-73.82573457522605,387,23
6996,40.67404154467314,-73.81382577299489,437,22
6808,40.67416248569529,-73.82565555858775,361,22
6902,40.67410216665069,-73.81974065681526,575,22
6997,40.67854495034388,-73.81374594279124,698,23
6903,40.6786055818982,-73.81966122446083,606,22
6809,40.67866591047175,-73.82557652408717,612,22
6904,40.68310899349332,-73.81958177414968,1110,22
7364,40.63783607926222,-73.7907422501619,0,-1
7271,40.642334122195344,-73.79664788374691,0,-1
7083,40.64355015034601,-73.80788105833511,0,-1
7365,40.642272356853425,-73.79073585493333,0,-1
7177,40.64251750656932,-73.80242166689608,0,-1
7178,40.64689899691371,-73.80247943240562,0,-1
7084,40.64696016674138,-73.80839189489865,0,-1
7272,40.64683752444803,-73.79656698810642,0,-1
7366,40.64677574934708,-73.79065456209077,0,-1
7929,40.64189541061793,-73.75526407093115,0,-1
7741,40.642022269665475,-73.76708792426163,0,-1
7930,40.646348778277854,-73.75534181232292,0,-1
7836,40.64646233440875,-73.76109270940589,0,-1
7742,40.64652562264503,-73.767005042658,0,-1
7837,40.65096567372578,-73.76100941180209,0,-1
7931,40.65090207282363,-73.75509670010858,0,-1
7743,40.65102897196138,-73.76692214232226,0,-1
7932,40.65540539842753,-73.75501298632508,10,2
7744,40.65553231761437,-73.76683922324955,2,0
7647,40.64208524533001,-73.77299987906274,0,-1
7553,40.642147918418026,-73.77891185250154,0,-1
7460,40.64671367161356,-73.78474215444837,0,-1
7554,40.646651291250215,-73.77882976526895,0,-1
7648,40.64658860825978,-73.77291739464228,0,-1
7461,40.65121705064109,-73.78466044594546,0,-1
7555,40.65115466042181,-73.77874765948368,0,-1
7649,40.65109196752765,-73.77283489157938,0,-1
7556,40.655658025932695,-73.77866553514095,0,-1
7650,40.65559532313348,-73.77275236986927,3,22
7179,40.65140240522225,-73.80239891577804,0,-1
7085,40.65146358471468,-73.8083117755722,0,-1
7273,40.651340923044046,-73.7964860741824,0,-1
7367,40.65127913818275,-73.79057325087493,0,-1
7180,40.6559058098753,-73.80231838095202,0,-1
7086,40.65596699903376,-73.80823163813702,0,-1
7274,40.65584431798326,-73.79640514197015,0,-1
7368,40.65578252336032,-73.79049192128116,0,-1
7181,40.660409210872714,-73.80223782792285,0,-1
7275,40.660347709265544,-73.79632419146502,0,-1
7838,40.65546900937812,-73.76092609537156,3,23
7839,40.65997234136567,-73.76084276010958,196,23
7745,40.660035659603906,-73.76675628543514,118,0
7933,40.659908720365294,-73.75492925362035,164,23
7840,40.664475669688294,-73.76075940601127,102,23
7746,40.66453899792983,-73.76667332887419,205,22
7934,40.6644120386368,-73.7548455019895,150,1
7841,40.66897899434587,-73.76067603307183,119,23
7747,40.66904233259204,-73.7665903535619,239,23
7935,40.668915353241914,-73.7547617314277,115,23
7462,40.655720426009225,-73.78457871897483,0,-1
7557,40.66016138778274,-73.77858339223602,1,0
7651,40.66009867507717,-73.7726698295072,14,0
7463,40.660223797717826,-73.78449697353177,0,-1
7558,40.66466474597185,-73.77850123076412,47,0
7652,40.66460202335861,-73.77258727048839,238,22
7464,40.66472716576679,-73.78441520961158,47,0
7559,40.66916810049987,-73.77841905072054,314,23
7465,40.669230530155986,-73.78433342720948,137,22
7653,40.66910536797763,-73.77250469280808,314,22
7087,40.66047040969847,-73.8081514825885,0,-1
7369,40.66028590487967,-73.79041057330473,0,-1
7182,40.664912608214365,-73.80215725668594,0,-1
7088,40.66497381670872,-73.80807130892201,9,22
7276,40.66485109689078,-73.7962432226623,0,-1
7370,40.66478928274068,-73.79032920694088,27,23
7183,40.66941600190014,-73.80207666723656,377,23
7089,40.66947722006437,-73.80799111713291,431,22
7277,40.66935448085884,-73.79616223555732,247,0
7371,40.66929265694321,-73.79024782218501,316,22
7372,40.67379602748718,-73.79016641903236,458,22
7090,40.67398061976532,-73.80791090721655,304,0
7184,40.67391939192992,-73.80199605957011,485,22
7278,40.67385786116964,-73.79608123014543,687,23
7091,40.67848401581144,-73.8078306791683,597,0
7373,40.67829939437245,-73.79008499747822,435,22
7279,40.678361237823026,-73.79600020642191,643,22
7185,40.67842277830359,-73.80191543368188,338,23
7092,40.68298740820262,-73.80775043298355,360,22
7280,40.68286461081888,-73.79591916438206,450,22
7842,40.67348231533828,-73.76059264128642,170,23
7748,40.67354566359041,-73.7665073594935,166,23
7936,40.67341866418053,-73.75467794193014,140,1
7749,40.67804899092483,-73.76642434666418,153,1
7843,40.67798563266541,-73.76050923065026,125,22
7937,40.677921971452534,-73.75459413349196,98,2
7750,40.682552314595156,-73.76634131506914,94,0
7844,40.68248894632711,-73.76042580115849,291,23
7938,40.68242527505778,-73.75451030610829,298,0
7751,40.6870556346013,-73.7662582647036,155,23
7466,40.67373389088529,-73.78425162632077,97,1
7654,40.67360870893414,-73.77242209646147,84,23
7560,40.67367145136669,-73.77833685210051,157,23
7561,40.67817479857219,-73.77825463489927,210,22
7467,40.678237247954584,-73.7841698069407,50,0
7655,40.678112046228016,-73.77233948144381,111,0
7562,40.68267814211627,-73.77817239911207,345,23
7468,40.682740601363754,-73.78408796906456,152,23
7656,40.68261537985914,-73.77225684775028,244,22
7657,40.68711870982739,-73.77217419537617,51,0
8307,40.651552076580906,-73.73164586603129,165,22
8308,40.65514792753796,-73.73136074024929,145,23
8023,40.64179971247114,-73.74981252607864,0,-1
8024,40.64652079754724,-73.7490809093636,0,-1
8118,40.64637244624543,-73.74371011759365,0,-1
8025,40.65083816925774,-73.74918400733152,4,1
8119,40.650773963030915,-73.74327133356059,27,2
8213,40.65093548498946,-73.73756330918832,115,22
8120,40.65527726839452,-73.74318682508564,318,23
8214,40.65521274931777,-73.73727377307222,119,23
8402,40.654978715522276,-73.72692196988241,120,22
8309,40.65965120879855,-73.73127541782216,264,0
8403,40.65902958288843,-73.72741251621815,12,1
8310,40.6641531598833,-73.73119371452759,112,0
8311,40.6686647764834,-73.73112139002134,101,0
8026,40.65534148476539,-73.74909989619985,88,23
8121,40.6597805700893,-73.74310229750992,69,0
8215,40.659716040819355,-73.73718884806833,157,0
8027,40.65984479660557,-73.74901576605721,110,0
8122,40.66428386811514,-73.74301775082857,14,23
8216,40.66421932865063,-73.73710390386903,153,22
8028,40.66434810477814,-73.74893161689864,48,23
8217,40.66872261281148,-73.73701894046937,45,0
8029,40.668851409282986,-73.74884744871937,34,1
8123,40.668787162471894,-73.74293318503665,79,0
8312,40.6731610305498,-73.73101933480973,113,0
8407,40.6779034503129,-73.72704210028755,16,0
8313,40.677664297122995,-73.73093393521215,74,23
8314,40.682167560024034,-73.7308485163096,30,0
8408,40.682076175213986,-73.7268483913656,1,23
8030,40.67335471011998,-73.74876326151448,79,0
8124,40.67329045315946,-73.74284860012929,69,0
8218,40.67322589330178,-73.73693395786442,85,23
8125,40.67779374017772,-73.74276399610162,51,1
8031,40.67785800728903,-73.74867905527913,149,0
8219,40.67772917012143,-73.73684895604934,69,23
8032,40.68236130078998,-73.74859483000839,83,23
8126,40.68229702352653,-73.74267937294871,106,1
8220,40.68223244327026,-73.73676393501917,58,22
8127,40.68680030320577,-73.74259473066572,12,23
6525,40.669838168481455,-73.84347819403852,101,23
6619,40.669778767635755,-73.8375636367264,223,22
6713,40.669719063897,-73.83164909709231,4,22
6714,40.674222501804294,-73.83157047822252,14,0
6620,40.67428221497506,-73.83748541562969,144,22
6526,40.67434162520493,-73.8434003707194,421,23
6527,40.67884507828115,-73.84332252980761,184,22
6621,40.678785658665866,-73.83740717685045,260,22
6715,40.67872593606185,-73.83149184158033,456,23
6528,40.68334852771,-73.84324467129866,279,0
6434,40.683407653672774,-73.84916043981487,294,0
6246,40.68352499647031,-73.86099202929252,363,0
6340,40.683466476593736,-73.85507622584281,472,23
6435,40.68791110879421,-73.84908296175608,298,23
6247,40.6880284701283,-73.86091534735074,779,23
6341,40.68796994100738,-73.85499914584028,752,23
6342,40.692473401775906,-73.8549220484115,706,23
6436,40.692414560269306,-73.84900546618108,537,23
6248,40.6925319401424,-73.86083864807266,708,0
6437,40.69691800809791,-73.84892795308537,489,22
6622,40.683289098708066,-73.83732892038414,1246,23
6716,40.683229366669536,-73.8314131871612,767,22
6529,40.68785197349139,-73.84316679518808,717,22
6623,40.687792535101536,-73.83725064622627,725,22
6717,40.687732793627234,-73.83133451496053,607,22
6530,40.69235541562519,-73.84308890147135,520,23
6624,40.69229596784615,-73.83717235437229,473,0
6718,40.69223621693484,-73.83125582497385,902,0
6531,40.69685885411125,-73.84301099014391,477,22
6625,40.69679939694181,-73.83709404481766,331,22
6810,40.68316933159707,-73.82549747171973,625,22
6998,40.683048352360956,-73.81366609454099,883,0
6905,40.687612401435935,-73.81950230587722,1547,22
6811,40.687672749071154,-73.82541840148087,1093,23
6999,40.68755175072424,-73.81358622823946,1089,23
7000,40.69205514543363,-73.81350634388208,567,22
6906,40.69211580572592,-73.81942281963879,798,22
6812,40.69217616289389,-73.82533931336606,740,22
6907,40.69661920636317,-73.81934331542985,539,22
7001,40.69655853648899,-73.81342644146417,173,0
6343,40.6969768588992,-73.85484493355199,431,22
6249,40.6970354065125,-73.86076193145381,251,0
6344,40.701480312377136,-73.8547678012573,59,1
6250,40.70153886923847,-73.86068519748979,61,23
6438,40.70142145227994,-73.84885042246448,37,23
6439,40.70592489281526,-73.84877287431391,0,-1
6345,40.705983762209605,-73.85469065152297,33,1
6251,40.70604232832021,-73.86060844617612,46,22
6440,40.71042832970378,-73.8486953086292,89,23
6252,40.71054578375761,-73.86053167750838,40,0
6719,40.69673963659222,-73.83117711719657,475,23
6532,40.70136228894948,-73.84293306120132,87,22
6626,40.70130282238839,-73.83701571755786,145,22
6720,40.70124305259927,-73.8310983916241,440,23
6533,40.70586572013979,-73.84285511463904,0,-1
6721,40.705746464955865,-73.83101964825194,473,23
6627,40.70580624418579,-73.83693737258837,422,22
6534,40.71036914768202,-73.84277715045255,23,23
6628,40.71030966233386,-73.83685900990463,44,22
6722,40.710249873661915,-73.8309408870755,163,22
6813,40.696679573065126,-73.82526020737062,125,22
6908,40.70112260334752,-73.81926379324575,395,23
6814,40.701182979584765,-73.82518108349007,456,0
7002,40.70106192389022,-73.81334652098117,447,22
6815,40.705686382452704,-73.82510194171977,583,23
7003,40.70556530763719,-73.81326658242841,321,22
6909,40.705625996678926,-73.8191842530819,344,23
7004,40.71006868772978,-73.81318662580128,454,23
6816,40.71018978166881,-73.82502278205519,293,23
6910,40.71012938635722,-73.81910469493376,189,23
6346,40.7104872083965,-73.8546134843445,91,0
6441,40.714931762945355,-73.84861772540583,30,22
6253,40.715049235550545,-73.86045489148212,97,23
6347,40.71499065093769,-73.85453629971744,69,1
6442,40.71943519253987,-73.84854012463933,175,22
6254,40.71955268369889,-73.86037808809287,112,23
6348,40.719494089833084,-73.85445909763735,271,22
6443,40.723938618487246,-73.84846250632518,569,22
6255,40.72405612820255,-73.86030126733623,510,23
6349,40.72399752508255,-73.85438187809972,720,23
6535,40.71487257157609,-73.84269916863737,28,23
6629,40.71481307683251,-73.83678062950213,204,22
6723,40.714753278717254,-73.8308621080902,91,22
6536,40.71937599182185,-73.84262116918896,208,22
6630,40.71931648768161,-73.83670223137631,298,22
6724,40.7192566801218,-73.83078331129154,19,22
6537,40.7238794084192,-73.84254315210278,183,22
6725,40.723760077875426,-73.83070449667488,3,0
6631,40.72381989488106,-73.83662381552263,50,22
6538,40.728382821368044,-73.84246511737433,20,22
7005,40.7145720641679,-73.81310665109514,214,23
6911,40.714632772382295,-73.81902511879663,620,0
6817,40.71469317723297,-73.82494360449168,636,22
7006,40.719075436951385,-73.81302665830536,173,0
6818,40.719196569145055,-73.82486440902471,27,22
6912,40.71913615475402,-73.81894552466595,83,23
6819,40.72369995740497,-73.82478519564968,18,22
6913,40.723639533472316,-73.81886591253712,122,23
7007,40.72357880608014,-73.81294664742731,228,22
7008,40.728082171554064,-73.81286661845638,396,22
7186,40.68292616102103,-73.80183478956727,266,23
7374,40.682802757598886,-73.79000355751789,467,22
7093,40.68749079693874,-73.80767016865761,508,22
7187,40.68742954008213,-73.80175412722156,700,23
7281,40.6873679801571,-73.79583810402124,571,22
7094,40.69199418201968,-73.80758988618585,351,1
7188,40.69193291548675,-73.8016734466401,545,23
7282,40.69187134583756,-73.79575702533474,286,23
7095,40.6964975634453,-73.80750958556364,272,0
7283,40.69637470786013,-73.79567592831788,2761,0
7469,40.687243951112684,-73.78400611268762,162,0
7375,40.68730611716638,-73.78992209914664,215,0
7563,40.68718148199877,-73.77809014473416,183,22
7376,40.69180947307482,-73.78984062235978,328,23
7470,40.69174729720125,-73.78392423780512,1007,22
7564,40.6916848182196,-73.77800787176076,211,2
7658,40.691622036132635,-73.77209152431665,116,22
7377,40.696312825324064,-73.78975912715259,308,0
7565,40.69618815077863,-73.77792558018714,238,0
7471,40.696250639629326,-73.78384234441235,322,22
7845,40.68699225632328,-73.7603423528063,211,2
7939,40.68692857499616,-73.75442645977432,173,23
7752,40.69155895094311,-73.76617519556271,102,1
7846,40.69149556265383,-73.7602588855889,507,23
7940,40.691431871267554,-73.75434259448515,174,0
7753,40.69606226362048,-73.76609210764167,77,0
7847,40.695998865318565,-73.76017539950136,225,23
7941,40.69593516387182,-73.75425871023597,145,22
7754,40.70056557263328,-73.76600900093575,146,23
7848,40.70050216431742,-73.76009189453895,220,23
7189,40.69643628723478,-73.80159274781822,201,22
7096,40.70100094121551,-73.80742926678634,549,22
7284,40.7008780662247,-73.79559481296593,268,1
7190,40.7009396553261,-73.80151203075125,1,4
7097,40.70550431533018,-73.80734892984927,1710,22
7191,40.7054430197606,-73.80143129543453,717,23
7285,40.705381420931154,-73.79551367927424,277,22
7098,40.71000768578921,-73.8072685747478,208,0
7286,40.709884771979375,-73.79543252723808,744,23
7192,40.70994638053817,-73.80135054186337,301,23
7659,40.696125358774765,-73.77200883456693,139,0
7378,40.700816173914006,-73.78967761352035,571,0
7566,40.70069147967574,-73.77784327000853,71,0
7660,40.70062867775365,-73.77192612612224,57,0
7472,40.70075397839678,-73.78376043250455,480,1
7379,40.70531951884455,-73.78959608145838,296,22
7567,40.7051948049108,-73.77776094122015,23,22
7661,40.70513199306918,-73.77184339897782,108,0
7473,40.70525731350352,-73.78367850207702,98,23
7380,40.709822860115544,-73.78951453096192,611,23
7942,40.70043845280886,-73.75417480702193,254,22
7755,40.7050688779814,-73.76592587544003,115,23
7849,40.70500545965026,-73.7600083706968,100,1
7943,40.704941738078546,-73.75409088483813,253,22
7756,40.709572179664704,-73.76584273114976,363,0
7944,40.70944501968075,-73.75400694367976,224,0
7850,40.709508751316946,-73.75992482797005,154,1
7851,40.71401203931738,-73.75984126635392,190,22
7757,40.71407547768309,-73.76575956806012,311,23
7945,40.71394829761535,-73.75392298354193,169,0
7662,40.709635304721225,-73.77176065312884,290,2
7568,40.709698126483715,-73.77767859381724,416,23
7474,40.70976064494942,-73.78359655312495,444,0
7381,40.71432619772688,-73.78943296202624,152,22
7569,40.71420144439435,-73.77759622779506,194,23
7475,40.71426397273433,-73.78351458564366,207,23
7663,40.71413861270968,-73.77167788857051,183,22
7382,40.71882953167844,-73.78935137464664,47,23
7664,40.718641917034404,-73.77159510529809,69,0
7570,40.718704758642566,-73.77751384314881,123,23
7099,40.71451105259244,-73.80718820147727,116,23
7287,40.714388119369225,-73.79535135685275,238,0
7193,40.714449737658654,-73.80126977003312,101,23
7194,40.718953091121975,-73.80118897993907,149,23
7288,40.71889146310061,-73.79527016811357,33,0
7100,40.71901441573981,-73.80710781003303,220,22
7195,40.72345644092798,-73.8011081715766,177,0
7101,40.72351777523114,-73.80702740041045,628,22
7289,40.72339480317339,-73.79518896101587,9,0
7290,40.72789813958745,-73.79510773555486,130,22
7476,40.71876729685817,-73.78343259962836,43,22
7383,40.72333286197008,-73.78926976881839,99,23
7665,40.723145217695276,-73.77151230330671,70,22
7571,40.72320806922828,-73.77743143987371,3,22
7477,40.72327061732081,-73.78335059507432,77,22
7384,40.72783618860172,-73.78918814453675,71,22
7478,40.727773934122105,-73.78326857197675,144,22
7666,40.7276485146922,-73.77142948259166,0,-1
7572,40.72771137615134,-73.77734901796502,78,23
7385,40.73233951157323,-73.78910650179702,85,23
7852,40.71851532365143,-73.7597576858435,243,23
7758,40.71857877203644,-73.76567638616629,207,23
7946,40.718451571882234,-73.75383900441979,361,0
7853,40.72301860431898,-73.75967408643399,363,22
7759,40.72308206272458,-73.76559318546346,70,1
7947,40.722954842481265,-73.75375500630848,236,23
7854,40.727521881319895,-73.75959046812058,18,0
7760,40.72758534974746,-73.76550996594679,19,1
7948,40.72745810941234,-73.75367098920314,75,23
7855,40.732025154654075,-73.75950683089837,43,22
8221,40.686735712748174,-73.73667889476897,24,23
8033,40.686864590622726,-73.74851058569747,45,0
8128,40.691303579215344,-73.7425100692477,59,22
8034,40.69136787678712,-73.74842632234143,119,0
8222,40.69123897855506,-73.73659383529386,93,0
8129,40.6958068515551,-73.74242538868977,197,22
8223,40.69574224069077,-73.73650875658892,90,22
8035,40.695871159283065,-73.74834203993547,196,23
8130,40.70031012022492,-73.74234068898706,92,22
8036,40.70037443811042,-73.74825773847462,204,0
8315,40.68667081925277,-73.73076307809716,22,22
8409,40.686526244549135,-73.72688894435048,34,23
8316,40.691174074809126,-73.73067762056988,162,22
8410,40.691069435162724,-73.72699993531634,3,0
8317,40.69567732669294,-73.7305921437228,85,23
8411,40.695560344109474,-73.72704147788868,2,22
8224,40.70024549915519,-73.73642365864917,57,1
8037,40.704877713269084,-73.74817341795408,175,0
8131,40.70481338522469,-73.74225597013461,132,0
8225,40.704748753948216,-73.73633854146976,131,22
8132,40.70931664655429,-73.74217123212755,189,0
8038,40.70938098475893,-73.74808907836892,216,0
8226,40.7092520050697,-73.7362534050457,226,0
8227,40.71375525251951,-73.73616824937211,135,0
8133,40.71381990421358,-73.74208647496098,138,22
8039,40.71388425257981,-73.74800471971427,996,22
8318,40.7001805749041,-73.730506647551,49,23
8319,40.70468381944249,-73.73042113204951,87,23
8320,40.70918706030798,-73.73033559721343,69,1
8321,40.71361272555401,-73.73045524650396,77,22
8322,40.71807741262008,-73.73100632640741,70,23
8323,40.72305290637761,-73.73067952666834,124,22
8324,40.72719998703849,-73.72999326442371,159,0
8418,40.727159270391994,-73.72410194613,214,23
8512,40.727645484957215,-73.7183605910957,80,22
8606,40.728120375975216,-73.71240985304009,38,22
8701,40.731730810960265,-73.70717232374989,11,22
8607,40.73150640028052,-73.7121483456564,50,23
8134,40.71832315820246,-73.74200169863,317,0
8040,40.71838751673164,-73.74792034198528,268,0
8228,40.71825849629755,-73.73608307444407,128,23
8135,40.72282640852079,-73.74191690312968,287,23
8041,40.72289077721427,-73.74783594517702,260,23
8229,40.72276173640369,-73.73599788025659,279,23
8042,40.72739403402759,-73.7477515292846,179,22
8136,40.727329655168454,-73.74183208845511,160,22
8230,40.7272649728378,-73.73591266680475,214,22
8043,40.73189728717146,-73.74766709430317,27,1
8137,40.73183289814533,-73.74174725460139,17,22
8231,40.73176820559977,-73.73582743408366,135,23
8232,40.73627143468946,-73.73574218208834,62,22
8044,40.7364005366458,-73.74758264022782,36,23
8138,40.736336137451296,-73.74166240156359,19,23
8139,40.74083937308624,-73.74157752933678,0,-1
8045,40.74090378245045,-73.74749816705362,28,22
8233,40.74077466010676,-73.73565691081384,2,23
8234,40.74527788185154,-73.73557162025529,0,-1
8046,40.7454070245853,-73.74741367477574,46,0
8419,40.731637909961776,-73.72398785096101,60,22
8325,40.73170320953763,-73.72990763284015,201,23
8513,40.73157230687513,-73.7180680885364,51,23
8420,40.7361411184752,-73.7239018010655,44,23
8326,40.73620642836315,-73.72982198189226,0,-1
8514,40.73607550502853,-73.71798163969824,37,22
8421,40.74064432331348,-73.7238157317105,45,0
8327,40.74070964351489,-73.72973631157502,1,3
8515,40.74057869950542,-73.71789517131042,61,23
8422,40.74514752447651,-73.723729642891,12,0
7196,40.72795978707658,-73.80102734494092,101,22
7102,40.728021131066335,-73.80694697260482,295,23
7197,40.73246312956763,-73.80094650002746,62,22
7103,40.73252448324531,-73.80686652661151,308,23
7291,40.732401472342694,-73.7950264917259,95,23
7198,40.73696646840103,-73.80086563683149,136,23
7104,40.73702783176791,-73.80678606242587,134,23
7292,40.73690480143897,-73.79494522952429,117,22
7105,40.74153117663403,-73.80670558004321,162,0
7199,40.741469803576656,-73.8007847553483,0,-1
7479,40.73227724726196,-73.78318653033098,139,22
7667,40.73215180802503,-73.77134664314806,34,23
7573,40.73221467941164,-73.77726657741793,102,22
7386,40.73684283088447,-73.78902484059446,73,22
7480,40.73678055674024,-73.7831044701322,146,23
7574,40.73671797900906,-73.77718411822772,138,23
7668,40.736655097693664,-73.77126378497115,23,22
7387,40.74134614653534,-73.78894316092435,75,22
7575,40.74122127494348,-73.77710164038955,74,22
7481,40.74128386255686,-73.7830223913757,148,22
7761,40.73208863310492,-73.76542672761148,7,22
7949,40.73196137267532,-73.75358695309887,37,22
7856,40.73652842432139,-73.75942317476255,43,22
7762,40.73659191279685,-73.76534347045272,25,22
7950,40.736464632270106,-73.75350289799086,20,22
7857,40.74103169032171,-73.75933949970823,93,0
7763,40.741095188823124,-73.76526019446563,15,22
7951,40.74096788819656,-73.75341882387417,16,0
7670,40.74566166603785,-73.7710980123982,37,23
7858,40.745534952654936,-73.75925580573063,33,0
7669,40.74115838369798,-73.77118090805614,0,-1
7388,40.74584945852572,-73.78886146278187,33,23
7482,40.745787164711665,-73.78294029405666,64,23
7576,40.74572456721478,-73.77701914389867,32,0
7483,40.75029046320456,-73.78285817817037,98,0
7577,40.75022785582285,-73.7769366287503,50,22
7389,40.750352766855485,-73.7887797461624,65,0
7484,40.75479375803539,-73.78277604371202,79,0
7578,40.754731140767554,-73.77685409493968,117,22
7390,40.75485607152453,-73.78869801106117,100,0
7293,40.74140812687619,-73.79486394894528,97,23
7106,40.74603451784354,-73.8066250794589,0,-1
7200,40.745973135094395,-73.80070385557325,5,1
7294,40.74591144865421,-73.79478264998417,62,0
7107,40.75053785539634,-73.80654456066824,93,22
7201,40.75047646295411,-73.80062293750163,41,0
7295,40.750414766772934,-73.79470133263625,48,0
7108,40.75504118929229,-73.80646402366656,413,22
7202,40.75497978715571,-73.80054200112872,81,23
7296,40.754918081232226,-73.79461999689684,37,0
7764,40.74559846118363,-73.76517689964545,16,0
7952,40.74547114045454,-73.75333473074399,114,22
7765,40.75010172987823,-73.76509358598732,64,1
7671,40.75016494471315,-73.77101509799255,38,23
7859,40.75003821132091,-73.75917209282484,43,0
7953,40.74997438904396,-73.75325061859542,50,23
7766,40.754604994906835,-73.7650102534864,48,23
7672,40.754668219723776,-73.77093216483436,164,23
7954,40.75447763396469,-73.75316648742357,106,22
7860,40.75454146631956,-73.75908836098604,0,-1
7673,40.75917149106959,-73.77084921291885,231,23
7767,40.75910825626931,-73.76492690213789,54,0
7955,40.758980875216615,-73.75308233722357,0,-1
7861,40.75904471765071,-73.75900461020936,9,23
7768,40.763611513965515,-73.76484353193692,87,22
7862,40.76354796531429,-73.75892084048995,27,22
7674,40.76367475875049,-73.77076624224118,433,23
7956,40.76346125061999,-73.75305645427045,0,-1
7769,40.76811476799535,-73.76476014287869,46,22
7675,40.768178022766335,-73.77068325279653,154,22
7485,40.759297049204065,-73.78269389067691,423,23
7391,40.75935937253272,-73.78861625747342,267,22
7579,40.75923442204877,-73.77677154246193,37,0
7486,40.763800336710474,-73.78261171906023,29,0
7392,40.763862669879934,-73.78853448539441,105,22
7580,40.7637376996664,-73.7766889713124,98,23
7487,40.76830362055448,-73.78252952885724,64,23
7393,40.768365963566076,-73.78845269481941,85,23
7581,40.7682409736203,-73.77660638148618,42,22
7582,40.77274424391038,-73.77652377297855,19,22
7297,40.75942139203197,-73.79453864276118,64,0
7109,40.7595445195313,-73.80638346844925,359,0
7203,40.75948310769907,-73.80046104644988,285,23
7204,40.763986424584054,-73.80038007346039,275,22
7298,40.76392469917205,-73.79445727022457,283,22
7110,40.764047846113236,-73.80630289501157,43,23
7205,40.76848973781057,-73.80029908215556,56,22
7111,40.76855116903799,-73.80622230334887,24,0
7299,40.76842800265236,-73.79437587928228,134,0
7206,40.77299304737848,-73.80021807253068,29,23
7957,40.767983626832816,-73.75240109919687,0,-1
7863,40.76737591966004,-73.75980782011688,2,0
7770,40.77215775290675,-73.76547650708514,0,-1
7958,40.77231077300252,-73.75216013534667,18,22
7676,40.772681283117024,-73.77060024458014,12,23
7959,40.77698004135567,-73.75218865206189,11,2
7677,40.77715717683769,-73.77056067683168,13,23
6444,40.72844204078732,-73.84838487045887,250,22
6256,40.728559569061396,-73.86022442920773,617,23
6350,40.72850095668598,-73.85430464110007,462,22
6257,40.73306300627533,-73.8601475737029,427,22
6351,40.73300438464325,-73.85422738663397,2889,4
6445,40.73294545944002,-73.84830721703595,615,23
6258,40.73756643984421,-73.86007070081732,807,22
6446,40.73744887444521,-73.84822954605193,305,23
6352,40.73750780895424,-73.8541501146969,1060,0
6259,40.74206986976796,-73.85999381054648,888,0
6914,40.728142908537045,-73.8187862824055,290,23
6820,40.728203342012584,-73.824705964362,169,0
7009,40.73258553337301,-73.8127865713879,881,22
6821,40.73270672296778,-73.82462671515707,153,22
6915,40.73264627994807,-73.81870663426648,30,23
7010,40.73708889153689,-73.81270650621727,518,23
6822,40.73721010027045,-73.8245474480303,36,0
6916,40.7371496477053,-73.81862696811547,2,3
6823,40.74171347392047,-73.8244681629771,232,23
6917,40.74165301180862,-73.81854728394784,160,0
6726,40.728263471978025,-73.83062566423571,48,0
6632,40.72832329843072,-73.83654538193656,4,23
6539,40.73288623066824,-73.84238706499912,38,23
6727,40.73276686242947,-73.83054681396949,12,1
6633,40.732826698330506,-73.83646693061354,0,-1
6634,40.73733009458028,-73.83638846154903,5,22
6728,40.73727024922965,-73.83046794587156,94,23
6540,40.73738963631967,-73.84230899497257,0,-1
6635,40.74183348717994,-73.83630997473851,10,1
6541,40.74189303832223,-73.84223090729019,0,-1
6729,40.741773632378454,-73.83038905993742,117,0
6636,40.746336876129334,-73.8362314701774,224,0
6542,40.746396436675816,-73.84215280194746,0,-1
6730,40.746277011875755,-73.83031015616247,286,0
6731,40.75078038772144,-73.83023123454214,73,23
6543,40.75089983138029,-73.84207467893985,0,-1
6637,40.75084026142838,-73.83615294786115,1,1
6544,40.755403222435554,-73.84199653826283,16,23
6732,40.75528375991539,-73.83015229507187,384,23
6638,40.75534364307696,-73.83607440778523,99,0
7011,40.741592246045585,-73.81262642293981,122,0
6824,40.74621684391773,-73.82438885999291,95,0
6918,40.7461563722579,-73.81846758175895,74,22
7012,40.74609559689894,-73.8125463215509,53,22
6919,40.75065972905302,-73.81838786154422,165,22
6825,40.750720210262095,-73.82430953907308,457,23
7013,40.750598944096865,-73.81246620204585,125,23
6826,40.755223572953476,-73.82423020021305,1028,22
7014,40.75510228763924,-73.8123860644201,85,0
6920,40.75516308219387,-73.81830812329903,145,23
6353,40.74201122961886,-73.8540728252844,939,0
6447,40.74195228580274,-73.84815185750223,160,1
6354,40.74651464663697,-73.85399551839201,364,0
6448,40.746455693512566,-73.84807415138242,0,-1
6260,40.74657329604643,-73.85991690288598,596,0
6449,40.75095909757453,-73.84799642768797,0,-1
6261,40.75107671867951,-73.85983997783136,1070,0
6355,40.75101806000846,-73.85391819401524,558,23
6262,40.75558013766711,-73.85976303537812,1370,0
6356,40.75552146973324,-73.85384085214957,276,22
6450,40.75546249798851,-73.84791868641437,6,1
6451,40.75941124083528,-73.8473849599425,11,23
6263,40.75996212332586,-73.85983239062192,389,23
6357,40.75903731805393,-73.85408744444793,5,6
6264,40.76375392207391,-73.86138257617884,2,23
6453,40.76908498698859,-73.84671314025864,0,-1
6265,40.769321836896715,-73.8599501140506,0,-1
6827,40.75972693199174,-73.82415084340818,1108,23
6921,40.75966643168034,-73.81822836701872,654,23
7015,40.75960562752595,-73.81230590866895,287,23
6922,40.76416977751229,-73.81814859269866,507,22
6828,40.76423028737677,-73.8240714686539,295,23
7016,40.76410896375689,-73.81222573478776,157,23
6923,40.76867311968963,-73.81806880033426,70,22
6829,40.76873363910845,-73.82399207594558,441,0
7017,40.76861229633191,-73.81214554277189,82,23
6924,40.773176458212234,-73.81798898992088,42,0
6639,40.75984702107496,-73.83599584994506,154,23
6545,40.75990660984148,-73.84191837991186,195,0
6733,40.7597871284575,-73.83007333774707,148,22
6640,40.764350395422255,-73.8359172743361,37,23
6546,40.76416351376525,-73.84148870300845,4,1
6734,40.764290493347644,-73.82999436256316,570,0
6547,40.768923580294995,-73.8417721404905,3,3
6735,40.7687938545857,-73.82991536951556,202,0
6641,40.768853766118724,-73.83583868095378,9,23
6548,40.77341675016212,-73.84168379876992,61,0
6266,40.77289263774115,-73.85993231944684,0,-1
6454,40.77340502355845,-73.84699301752073,212,23
6455,40.77805808405521,-73.84697394665726,340,23
6456,40.7825541506796,-73.8472802984807,281,23
6362,40.78353377477704,-73.85328247087332,79,23
6457,40.786986198733636,-73.84737400490428,347,23
2850,40.63134283626726,-74.07531607620322,103,23
2851,40.635895073903015,-74.07528544202587,20,22
2757,40.635935328886035,-74.0805687175041,235,22
2663,40.63598224967095,-74.08648074192047,412,22
2852,40.640443674025036,-74.07515753936852,97,0
2664,40.64048607876093,-74.08641934221625,322,23
2758,40.64043915056148,-74.08050692057527,480,23
2759,40.644942968635185,-74.0804451096788,569,22
2665,40.644989904250146,-74.0863579286341,336,23
2853,40.64429895554438,-74.07511170955573,56,0
2666,40.64791728004834,-74.08580283190473,70,22
2760,40.64773160436407,-74.08078341577239,6,2
4167,40.63519520548006,-73.99189007719613,98,0
4261,40.635143443242754,-73.98597828697217,106,23
4355,40.635091378433486,-73.98006651214787,64,0
4168,40.63969891020078,-73.99182232233997,188,22
4262,40.63964713978408,-73.98591013495131,77,0
4356,40.63959506674761,-73.97999796296625,76,23
4169,40.644202611304244,-73.99175455217,246,0
4357,40.644098751442286,-73.97992939829133,429,22
4263,40.64415083270705,-73.98584196752691,326,23
4264,40.64865452201156,-73.985773784695,0,-1
4075,40.6442540872316,-73.99766715213082,1973,0
3981,40.64430526048686,-74.00357976731964,744,22
3888,40.648859852811675,-74.0094258042149,729,22
4076,40.64875779285146,-73.99759976399119,95,0
3982,40.64880897419266,-74.003512776532,464,23
4077,40.6532614948549,-73.99753236061967,3,0
3889,40.65336357094135,-74.00935919573082,164,0
3983,40.65331268428313,-74.00344577060227,181,23
3984,40.65781639075818,-74.00337874952656,134,0
3890,40.657765611653346,-74.0092148222174,7,22
3699,40.64445696419747,-74.0213177033564,232,22
3605,40.64402029234671,-74.02675982986813,3,23
3794,40.64891042870627,-74.01533884695012,162,23
3606,40.64876382397001,-74.02574181846154,0,-1
3700,40.64892170796497,-74.02123880044697,23,0
3795,40.65333220120328,-74.01515167508393,45,2
3701,40.652789187226944,-74.02026020644668,0,-1
3796,40.65780971665157,-74.01464781677979,4,1
4170,40.64870630879034,-73.99168676668226,0,-1
4358,40.64860243251742,-73.97986081811918,127,23
4171,40.65321000265894,-73.99161896587287,0,-1
4265,40.65315820769751,-73.98570558645163,0,-1
4359,40.65310610997288,-73.97979222244578,34,22
4266,40.65766188976478,-73.98563737279288,41,22
4172,40.657713692909965,-73.9915511497379,120,22
4360,40.65760978380859,-73.9797236112672,75,22
4361,40.66211345402443,-73.97965498457948,162,23
4267,40.66216556821329,-73.98556914371481,163,22
4078,40.65776519324186,-73.99746494201239,58,22
3985,40.66188548635735,-74.00331142739425,4,22
3891,40.66170835815775,-74.00863409817234,0,-1
4079,40.6622375903145,-73.99735417573415,338,23
3986,40.667519901201395,-74.00274151661995,0,-1
3892,40.66756523545009,-74.0097594951459,8,1
4080,40.666687766779866,-73.99718075592807,82,0
3893,40.671458308455264,-74.00898059628474,4,0
4081,40.671370354819445,-73.99711296857554,52,23
3987,40.67140015987891,-74.00305187191616,4,1
3798,40.666216473632886,-74.01599345909979,0,-1
3799,40.67218293687352,-74.01455710295329,0,-1
4173,40.66221737954331,-73.99148331827341,342,22
4362,40.66661712062027,-73.97958634237865,209,22
4268,40.666669243042904,-73.98550089921349,179,23
4174,40.66672106255885,-73.9914154714755,319,23
4363,40.67112078359603,-73.97951768466075,119,22
4269,40.67117291425351,-73.98543263928492,149,0
4175,40.67122474195646,-73.99134760934027,172,0
4176,40.67572841773606,-73.99127973186374,47,22
4270,40.67567658184501,-73.9853643639252,198,22
4364,40.67562444295157,-73.97944901142176,338,22
3894,40.67588210737217,-74.00902592739091,699,23
3988,40.6758311805019,-74.00311051368652,953,23
4082,40.67577995062245,-73.99719511514749,76,22
3895,40.68031658459379,-74.00886760113106,316,22
3989,40.6803348688982,-74.00304341682282,83,23
4083,40.68028363092527,-73.99712762030283,172,23
4084,40.68478730761091,-73.997060110199,84,23
3896,40.68443544935446,-74.00815339032559,4,22
3990,40.684831887350256,-74.00296551234877,128,22
3800,40.675985378923365,-74.01491833724332,241,22
3801,40.67993457439265,-74.0148280387334,19,0
3708,40.68599847003362,-74.02138041560482,0,-1
3614,40.685618675944376,-74.02494125330041,1,1
3709,40.689233017023376,-74.0202687043677,0,-1
4177,40.68023208989754,-73.99121183904204,173,22
4365,40.68012809868683,-73.97938032265775,647,23
4271,40.680180245817304,-73.98529607313037,302,23
4366,40.68463175080166,-73.97931161836475,610,22
4178,40.68473575844078,-73.99114393087122,492,22
4272,40.68468390617027,-73.98522776689647,344,23
4273,40.6891875629038,-73.98515944521955,595,23
4179,40.689239423365684,-73.99107600734732,231,22
4367,40.68913539929596,-73.97924289853874,311,23
4180,40.693743084672136,-73.99100806846646,76,22
5767,40.6432812139566,-73.89124276968731,232,22
5861,40.643138620212866,-73.88570745552494,49,1
5862,40.64777817937858,-73.8851255301402,51,23
5674,40.647841395795595,-73.89708095453157,258,0
5768,40.64772678257619,-73.89140869837482,145,22
5863,40.65223137250014,-73.88518056811674,101,22
5675,40.652344953003755,-73.89700679526455,184,22
5769,40.65228831411436,-73.89109367326463,23,2
5770,40.65679185873792,-73.89101909977744,73,22
5676,40.656848506576175,-73.89693261923529,277,23
6049,40.64287281180133,-73.87433049021915,0,-1
6143,40.64321583989907,-73.86721598972446,0,-1
5956,40.64767034441763,-73.87934317520799,960,1
6050,40.64762965612169,-73.8733008539532,6,2
6144,40.64755521934189,-73.86751750074727,0,-1
5957,40.6521537561998,-73.87940053083439,26,22
6145,40.65205873133355,-73.86744135468278,28,1
6051,40.652134586655485,-73.87332878942811,4,0
5958,40.65668348531938,-73.87919162019367,489,22
6146,40.656562239683474,-73.86736519140723,155,0
5485,40.64345016904456,-73.90897980191863,220,23
5579,40.64339415331529,-73.90306744114768,304,0
5392,40.64800946953362,-73.91481922861549,86,23
5580,40.64789772305777,-73.90299369592128,196,0
5486,40.64795374763794,-73.90890645397917,307,23
5393,40.65251305329797,-73.91474626147854,259,0
5581,40.6524012891658,-73.90291993402667,1,1
5487,40.65245732259803,-73.90883308946127,327,0
5394,40.65701663343011,-73.91467327784868,1143,22
5488,40.65696089392475,-73.90875970836069,395,0
6052,40.65662009859725,-73.87327864290103,264,0
5959,40.66118117768887,-73.87911672609452,361,23
6147,40.66106574439153,-73.86728901091617,103,23
6053,40.66112361244665,-73.87320285994029,32,0
6054,40.6656271226553,-73.8731270598495,438,0
5960,40.66568469699224,-73.87904132362824,585,23
6148,40.665569245457625,-73.86721281320519,349,22
6055,40.67013062922306,-73.87305124262421,460,0
6149,40.67007274288162,-73.86713659826992,266,22
5961,40.67018821265594,-73.87896590411734,384,0
5864,40.65673490812699,-73.88510559717592,924,22
5865,40.66123844011563,-73.885030609289,300,23
5771,40.66129539972442,-73.89094450943394,720,22
5677,40.661352056512754,-73.89685842643951,1328,23
5678,40.66585560281335,-73.89678421687292,648,22
5772,40.66579893707379,-73.8908699022298,667,23
5866,40.66574196846592,-73.88495560445163,584,22
5679,40.670359145477875,-73.89670999053124,626,23
5773,40.67030247078588,-73.89079527816074,477,0
5867,40.67024549317772,-73.88488058265946,386,22
5582,40.65690485163928,-73.90284615545963,972,22
5489,40.66146446161798,-73.90868631067323,721,23
5583,40.6614084104781,-73.90277236021589,196,23
5395,40.661520209929925,-73.91460027772172,661,23
5490,40.66596802567759,-73.90861289639459,972,22
5584,40.66591196568213,-73.90269854829113,637,22
5396,40.66602378279731,-73.91452726109344,354,22
5491,40.670471586103496,-73.90853946552055,621,23
5397,40.67052735203214,-73.91445422795962,725,22
5585,40.67041551725124,-73.90262471968113,101,22
5492,40.67497514289556,-73.90846601804687,680,22
5586,40.67491906518537,-73.90255087438162,234,23
5398,40.67503091763431,-73.91438117831599,864,0
5587,40.67942260948437,-73.90247701238833,100,22
5399,40.67953447960372,-73.91430811215842,676,23
5493,40.679478696053685,-73.90839255396929,1584,22
5400,40.684038037940226,-73.9142350294826,1093,22
5588,40.683926150148125,-73.90240313369698,88,23
5494,40.683982245577745,-73.90831907328358,800,23
5589,40.688429687176544,-73.90232923830328,90,22
6056,40.67463413214983,-73.87297540826006,572,22
6150,40.6745762366634,-73.86706036610592,133,23
5962,40.67469172467987,-73.87889046755744,776,0
6057,40.679137631435495,-73.87289955675269,821,22
6151,40.67907972680287,-73.86698411670879,838,22
5963,40.679195233063886,-73.8788150139442,502,23
6058,40.683641127079945,-73.87282368809768,1024,22
6152,40.683583213299904,-73.86690785007413,902,22
5964,40.68369873780791,-73.87873954327324,1154,22
6059,40.68814461908307,-73.87274780229068,1005,23
5680,40.67486268450621,-73.89663574741017,308,1
5774,40.67480600086058,-73.8907206372224,557,0
5868,40.67474901425095,-73.88480554390819,501,0
5775,40.67930952729778,-73.89064597941048,1063,23
5681,40.679366219898235,-73.89656148750542,509,1
5869,40.67925253168549,-73.88473048819343,614,23
5776,40.68381305009738,-73.8905713047207,269,22
5682,40.683869751653845,-73.89648721081271,86,23
5870,40.68375604548122,-73.88465541551088,573,22
5777,40.68831656925926,-73.89049661314868,2,0
5495,40.68848579146764,-73.90824557598549,1237,23
5401,40.68854159264374,-73.91416193028432,1782,23
5590,40.6929332205695,-73.902255326203,389,22
5402,40.69304514371415,-73.91408881455938,1292,23
5496,40.692989333723254,-73.9081720620707,1482,23
5403,40.69754869115133,-73.91401568230351,1272,23
5497,40.697492872344476,-73.90809853153507,982,22
5591,40.69743675032687,-73.9021813973918,646,22
5404,40.702052234955175,-73.91394253351251,1293,0
5310,40.70210775931807,-73.91986009919012,2017,23
4927,40.670801637735806,-73.94402828600393,505,23
4833,40.670855586071696,-73.94994314615344,915,23
4739,40.67090923146704,-73.95585802227345,929,23
4834,40.675359203529766,-73.94987248357822,1198,22
4928,40.67530524667083,-73.94395722557363,834,22
4740,40.6754128574003,-73.95578775755739,1051,23
4835,40.67986281736196,-73.94980180502841,796,23
4929,40.67980885197887,-73.94388614907884,642,23
4741,40.67991647970882,-73.95571747695666,770,23
4836,40.68436642756817,-73.94973111049993,1191,23
5116,40.67519642399739,-73.93212675784778,781,22
5023,40.67975458356192,-73.93797050919784,815,22
5211,40.67964513763607,-73.92613927800136,623,0
5305,40.679589960131985,-73.92022368686574,1489,23
5117,40.67970001211352,-73.93205488547537,438,23
5306,40.684093527233095,-73.92015100220404,630,23
5024,40.684258176669665,-73.93789901860364,879,23
5212,40.68414871345391,-73.926066991358,750,22
5118,40.684203596600234,-73.93198299685452,859,22
5119,40.68870717745743,-73.93191109198105,2178,23
4742,40.68442009839247,-73.95564718046721,600,23
4930,40.68431245365977,-73.94381505651543,948,23
4837,40.688870034148266,-73.9496603999887,1280,22
4931,40.68881605171344,-73.94374394787934,1200,23
4743,40.68892371345115,-73.95557686808493,1650,23
4838,40.69337363710217,-73.94958967349062,984,23
4744,40.69342732488475,-73.9555065398058,464,0
4932,40.693319646139756,-73.9436728231664,1057,23
4745,40.69793093269316,-73.9554361956257,185,22
4933,40.69782323693863,-73.94360168237252,1000,22
4554,40.68452653077936,-73.96747936799018,524,22
4648,40.684473466130314,-73.96156326632727,588,22
4461,40.68908293254444,-73.97332636739492,314,22
4555,40.689030162651584,-73.967409851878,244,23
4649,40.68897708961971,-73.96149335207802,620,23
4462,40.693586569129906,-73.9732572337969,588,22
4650,40.69348070948514,-73.96142342202188,667,23
4556,40.693533790900965,-73.96734032004893,261,23
4463,40.698037294435146,-73.97317119510154,135,22
4651,40.697984325726495,-73.9613534761548,42,0
5025,40.68876176614903,-73.93782751184679,1155,23
5213,40.68865228564108,-73.92599468837207,945,0
5307,40.688597090702366,-73.92007830110983,1106,23
5214,40.693155854197464,-73.92592236903941,1231,23
5026,40.69326535199991,-73.93775598892313,1177,23
5120,40.693210754685005,-73.93183917085081,1126,23
5308,40.6931006505397,-73.92000558357891,1776,23
5309,40.69760420674496,-73.9199328496071,1046,22
5215,40.69765941912296,-73.9258500333558,1318,0
5027,40.697768934222196,-73.93768444982852,1332,0
4557,40.69803694839426,-73.96727024049245,199,23
4464,40.702114963292956,-73.97247274709116,0,-1
4558,40.70248929759751,-73.96703833179858,47,22
4652,40.70248793834366,-73.96128351447271,1545,23
4465,40.70632130962967,-73.972055303516,0,-1
4559,40.707114198854335,-73.9668450929731,515,0
4653,40.70699154733655,-73.9612135369716,704,22
4654,40.711495152705034,-73.96114354364738,1703,23
4560,40.711438924027796,-73.96668152716269,594,22
5121,40.69771432828282,-73.93176723345961,2050,23
5028,40.70227251281577,-73.93761289455887,1636,23
5216,40.70216298041743,-73.9257776813171,1612,0
5122,40.702217898250794,-73.93169527980334,788,23
5029,40.70677608778053,-73.93754132310997,423,22
5217,40.70666653808078,-73.92570531291908,823,0
5123,40.70671532254508,-73.93162657604087,474,0
5030,40.711279659116364,-73.9374697354777,363,22
5218,40.711170092112916,-73.92563292815758,17,0
5124,40.71116228698565,-73.93155003683937,4,0
4839,40.697877236429754,-73.9495189310016,817,23
4746,40.70243453687626,-73.95536583554058,55,0
4934,40.70232682410993,-73.94353052549361,494,0
4840,40.70238083213089,-73.94944817251752,116,23
4747,40.706938137433944,-73.95529545954636,701,23
4935,40.70683040765356,-73.9434593525255,1664,23
4841,40.7068844242055,-73.9493773980343,1270,22
4748,40.71144173436612,-73.95522506763902,1503,23
4936,40.711333987569404,-73.94338816346409,932,23
4842,40.71138801265346,-73.9493066075479,1438,23
4561,40.71582754676181,-73.96585086473205,406,23
4467,40.71661014756076,-73.9750900266083,81,3
4655,40.715998754449004,-73.96107353449602,1095,22
4656,40.72041455166674,-73.96087543279899,911,22
4468,40.72076788313699,-73.97439228629489,485,23
4657,40.72485426187245,-73.95996718625315,57,1
4469,40.72521260043177,-73.97383449120575,798,23
4658,40.729560022757155,-73.95960808031296,223,22
4749,40.71594532767265,-73.95515465981443,1058,22
4937,40.71583756385736,-73.94331695830527,664,23
4843,40.715891597474645,-73.94923580105413,509,23
4938,40.720341136517305,-73.94324573704488,727,22
4750,40.720448917353465,-73.9550842360685,762,23
4844,40.72039517866897,-73.94916497854892,371,22
4751,40.72495257692151,-73.95501235609906,251,22
4939,40.72484470554913,-73.94317449967885,413,22
4845,40.72489875623633,-73.9490941400282,511,23
4752,40.72945608583741,-73.9549433407964,671,22
3333,40.68986112921128,-74.04525999083083,0,-1
3429,40.69914941231199,-74.03980917761585,0,-1
3803,40.68961655519723,-74.01518949099788,0,-1
3804,40.69238688208127,-74.01551737503334,2,0
3806,40.70315104456681,-74.01429045246766,28,1
3991,40.689078158730744,-74.0025541747247,40,22
4085,40.68929098067931,-73.99699258483207,134,22
3992,40.693299517293376,-74.00169437865651,15,22
4086,40.69379024449844,-73.99691917985491,336,23
4087,40.6981800866447,-73.9965566169647,264,22
3900,40.70353464011904,-74.00914127467647,1080,23
4368,40.69363904416963,-73.97917416317583,1274,23
4274,40.693691216017804,-73.98509110809567,159,22
4181,40.69824674236004,-73.99094011422467,241,22
4369,40.69814268542253,-73.97910541227196,418,22
4275,40.69819486551215,-73.98502275552086,5832,23
4182,40.702539615989984,-73.9908252240857,115,23
4276,40.70269851138673,-73.98495438749121,1213,22
4370,40.7024950883049,-73.97929990027491,40,23
3807,40.70745858641203,-74.01447693502878,313,0
3713,40.707267244278185,-74.01817345044529,25,23
3808,40.71192276562411,-74.01430334614669,73,22
3809,40.7163517160643,-74.01422545532591,64,23
4088,40.702098448280374,-73.99542229799201,27,22
3901,40.70740790654657,-74.00855871843847,719,23
3995,40.70754871325842,-74.00292529598269,323,0
3902,40.711911577681185,-74.00849191392342,280,0
3996,40.71186058641605,-74.00257331382062,252,23
4090,40.71180929175866,-73.99665472891428,881,22
3903,40.71641524520005,-74.00842509430204,477,23
3997,40.71636424588072,-74.0025060954942,547,23
4091,40.71631294312124,-73.99658711188671,565,0
4372,40.712219873859134,-73.97922044970895,302,23
4278,40.71174930309659,-73.98485532787006,1051,23
4184,40.71182965306776,-73.99076977941135,1105,22
4279,40.7162094272909,-73.98474919063327,785,23
4185,40.71626133692387,-73.99066814356969,1453,23
4373,40.716157214224616,-73.97883025316759,748,22
4374,40.72066083737221,-73.97876142449937,2845,23
4280,40.7207130586854,-73.98468076074448,3014,23
4186,40.720764976517366,-73.99060011246434,1925,23
3810,40.72068244728334,-74.0122262356147,1,22
3812,40.72941602075893,-74.0126872574199,0,-1
3998,40.720867901728475,-74.00243886196742,881,23
3904,40.72091890910306,-74.00835825957043,984,23
4092,40.72081659086581,-73.99651947956869,1613,23
3999,40.72537155395918,-74.00237161323645,999,23
4093,40.725320234992274,-73.99645183195626,491,23
3905,40.7254225693901,-74.00829140972472,257,23
4000,40.72987520257276,-74.00230434929732,1549,23
3906,40.72991742983786,-74.00820903075324,212,23
4094,40.72982387550052,-73.99638416904556,386,23
3907,40.734403195197615,-74.00801354611856,682,22
4281,40.7252166864596,-73.98461231538101,2529,23
4375,40.72516445689838,-73.9786925802663,2310,23
4187,40.72526861249166,-73.99053206597442,2223,23
4282,40.72972031061341,-73.9845438545389,2872,23
4376,40.72966807280308,-73.97862372046441,1095,23
4188,40.72977224484664,-73.990464004096,908,23
4283,40.73422393114669,-73.98447537821419,1400,23
4377,40.73417168508616,-73.97855484508972,635,23
4189,40.73427587358221,-73.9903959268252,657,23
4284,40.73872754805935,-73.98440688640287,1710,0
4001,40.73437884756907,-74.00223707014614,1673,23
4095,40.73432751239043,-73.99631649083258,654,23
4002,40.73888248894803,-74.00216977577904,1209,23
4096,40.738831145661905,-73.99624879731348,414,22
3908,40.738915445741384,-74.00788246312683,211,23
3909,40.74343682969244,-74.00741966958392,304,23
4003,40.743386126709524,-74.0021024661921,1301,23
4097,40.74333477531483,-73.99618108848432,1012,23
4004,40.747889760853454,-74.00203514138147,1357,0
3910,40.747927244463334,-74.0075077458411,98,22
6153,40.688086696154386,-73.86683156619753,887,23
5965,40.6882022389118,-73.87866405554021,204,22
6060,40.69264810744475,-73.87267189932723,3,2
6154,40.6925901753662,-73.86675526507456,656,23
5966,40.692705736375466,-73.87858855074072,0,-1
6155,40.69709365093524,-73.86667894670082,35,22
5967,40.697209230198766,-73.8785130288704,0,-1
6061,40.697151592164836,-73.87259597920303,0,-1
5968,40.7017127203816,-73.87843748992489,150,23
6062,40.70165507324326,-73.8725200419136,125,23
5683,40.688373279772925,-73.8964129173277,0,-1
5871,40.68825955563804,-73.88458032585618,2,22
5684,40.692876804255356,-73.89633860704612,196,22
5778,40.692820084783285,-73.89042190469013,12,22
5872,40.69276306215583,-73.884505219225,1,0
5685,40.697380325101015,-73.89626427996369,496,23
5779,40.69732359666937,-73.89034717934075,230,23
5873,40.69726656503445,-73.88443009561298,0,-1
5686,40.70188384230982,-73.89618993607607,580,23
5780,40.70182710491739,-73.89027243709617,574,22
5498,40.701996407331194,-73.90802498437426,1378,23
5592,40.70194027644857,-73.90210745186546,645,23
5311,40.70661130825891,-73.91978733232384,1124,23
5499,40.70649993868329,-73.90795142058406,694,0
5405,40.70655577512558,-73.91386936818215,1073,23
5593,40.70644379893448,-73.90203348961967,374,23
5312,40.71111485356734,-73.91971454900398,218,23
5500,40.71100346640065,-73.9078778401602,504,22
5406,40.71105931166242,-73.91379618630815,164,23
5594,40.71094731778446,-73.90195951065014,306,23
6156,40.701597122861365,-73.8666026110719,23,0
6063,40.7061585506799,-73.8724440874546,83,23
5969,40.70621620692385,-73.87836193389987,210,22
6157,40.7061005911445,-73.86652625818334,147,23
6064,40.71066202447463,-73.87236811582163,293,23
6158,40.710604055784515,-73.86644988803076,7,22
5970,40.71071968982541,-73.87828636079084,167,22
6065,40.715165494627335,-73.87229212701025,199,23
5971,40.715223169086165,-73.87821077059353,122,23
6159,40.71510751678127,-73.86637350060974,0,-1
5874,40.701770064273816,-73.88435495501577,293,23
5687,40.70638735588163,-73.89611557537899,612,23
5781,40.70633060952724,-73.89019767795209,65,23
5875,40.706273559873814,-73.88427979742903,82,23
5688,40.710890865816346,-73.89604119786812,227,23
5782,40.7108341104988,-73.89012290190416,2,1
5876,40.710777051834306,-73.88420462284839,16,22
5689,40.715394372113856,-73.89596680353917,69,22
5783,40.715337607831955,-73.89004810894808,35,22
5877,40.715280540155206,-73.88412943126951,246,22
5313,40.71560161294582,-73.91957880209274,18,22
5595,40.71545083299843,-73.90188551495261,221,23
5407,40.7155628445656,-73.91372298788633,185,22
5501,40.71550699048316,-73.90780424309837,355,22
5314,40.72012193328658,-73.91956893298675,10,4
5596,40.719954344576244,-73.90181150252278,130,22
5502,40.72001051093073,-73.90773062939436,203,22
5408,40.720066373835,-73.9136497729124,48,23
5315,40.72465551855506,-73.9194266244859,1,3
5503,40.72451402774322,-73.9076569990439,135,23
5690,40.71989787477404,-73.89589239238781,27,0
5784,40.71984110152658,-73.88997329907951,122,23
5878,40.71978402483639,-73.88405422268804,45,22
5691,40.72440137379679,-73.89581796440973,150,22
5785,40.724344591582586,-73.8898984722941,177,22
5879,40.72428750587775,-73.88397899709965,96,23
5692,40.72890486918198,-73.89574351960066,211,23
5786,40.72884807799986,-73.88982362858754,204,22
5880,40.72879098327916,-73.88390375449991,93,23
5693,40.73340836092952,-73.89566905795624,343,0
6066,40.719668961137906,-73.87221612101608,39,23
5972,40.71972664470599,-73.87813516330354,61,0
6160,40.71961097413468,-73.86629709591584,51,22
6067,40.72417242400623,-73.87214009783476,439,23
5973,40.72423011668478,-73.87805953891646,109,23
6161,40.72411442784463,-73.86622067394464,103,23
6068,40.728675883232185,-73.87206405746184,381,22
5974,40.72873358502243,-73.87798389742795,145,23
6162,40.72861787791099,-73.8661442346917,256,22
5975,40.7332370497188,-73.87790823883361,299,0
5597,40.72445785251782,-73.90173747335638,165,22
5409,40.72456989947049,-73.91357654138214,24,23
5316,40.72912899847494,-73.91942325110472,13,2
5598,40.72896135682305,-73.90166342744908,298,23
5504,40.72901754092055,-73.90758335204272,84,1
5410,40.729073421471995,-73.9135032932913,2,1
5411,40.73357693983939,-73.91343002863567,8,1
5317,40.73363252561976,-73.91935038545385,61,1
5599,40.73346485749179,-73.90158936479665,309,0
5505,40.73352105046257,-73.90750968838654,1,1
5787,40.73335156077827,-73.88974876795548,349,0
5881,40.733294457040515,-73.88382849488453,603,23
5694,40.73791184903929,-73.89559457947222,265,23
5788,40.737855039917704,-73.88967389039358,115,23
5882,40.7377979271617,-73.88375321824911,467,22
5789,40.74235851541807,-73.8895989958975,549,23
5883,40.74230139364261,-73.8836779245893,1032,23
5695,40.74241533351118,-73.8955200841442,435,23
5696,40.74691881434505,-73.89544557196787,585,23
5790,40.74686198727924,-73.88952408446289,662,23
5219,40.71548635005227,-73.92574968407109,1,22
5031,40.71578322682317,-73.93739813165794,649,22
5125,40.71575409114143,-73.93172564912061,5,5
5220,40.720151730761536,-73.92566265739447,6,0
5032,40.720286790900815,-73.9373265116465,112,1
5126,40.72023214182193,-73.93140730244394,0,-1
5221,40.72490242468713,-73.92505355160235,0,-1
5033,40.72479035134921,-73.93725487543927,197,22
5127,40.72472602687139,-73.93134858830304,10,22
5222,40.72919574559565,-73.92532727566028,15,0
4470,40.729358641425904,-73.97381491366298,24,23
4659,40.733873052270624,-73.95993109978538,440,23
4471,40.73415603420137,-73.97461219742755,55,1
4660,40.73889997737934,-73.95983098307795,111,23
4472,40.738670332937964,-73.97402253010718,27,2
4661,40.74257066025467,-73.9592668617717,389,22
4940,40.72934827095274,-73.94310324620298,52,0
4846,40.72940233017659,-73.94902328548784,315,22
4753,40.73395966464034,-73.95487286926206,882,23
4941,40.733718746883135,-73.9432899022791,1,4
4847,40.733868870058394,-73.9490102418056,25,22
4754,40.73829791257348,-73.95479136148951,168,23
4848,40.738525440910216,-73.94898472523128,2,3
4942,40.73846912237217,-73.94276685324816,0,-1
4755,40.74296681136757,-73.95473187837634,169,23
4849,40.74291303023376,-73.94881062570785,66,1
5034,40.72919364048615,-73.93718669335387,5,3
5128,40.72944845095205,-73.93129215013008,6,23
5035,40.73385265945534,-73.93701593037069,17,0
5223,40.73368780780124,-73.9252707587509,22,0
5129,40.7337427863814,-73.93119114843661,0,-1
5036,40.73830101091776,-73.93703986960125,20,0
5224,40.73819134004366,-73.92519827572038,464,23
5130,40.73824632730656,-73.93111906450949,218,22
5225,40.7426948686541,-73.92512577629698,889,23
5037,40.742816267727356,-73.93686453744174,5,22
4473,40.74333011699235,-73.97340253676334,194,0
4474,40.74764106562503,-73.972440923827,371,23
4568,40.74849190057412,-73.96838705163022,0,-1
4475,40.752133515113414,-73.97235707314923,605,23
4663,40.75229301070962,-73.95948229419456,0,-1
4569,40.75233407567751,-73.96686600923147,289,23
4476,40.75663710098318,-73.97228772035334,197,0
4570,40.756584205932526,-73.96636522190934,701,23
4664,40.756974450205455,-73.96155579019667,61,22
5131,40.742749864600874,-73.93104696427972,5,1
5038,40.74730809914847,-73.93689645132073,262,23
5132,40.74725339826424,-73.93097484774314,3,1
5226,40.7471983936324,-73.92505326047652,310,23
5133,40.751756928296516,-73.93090271489555,139,22
5039,40.751811637819,-73.93682471785147,309,22
5227,40.751701914978476,-73.92498072825478,55,1
5040,40.75631517285952,-73.93675296815731,238,23
5134,40.75626045469762,-73.93083056573276,449,22
5228,40.75620543269222,-73.9249081796276,367,23
4943,40.742903366007845,-73.94296616329477,41,22
4850,40.74741658966458,-73.94873970704786,330,22
4756,40.74730317289856,-73.9544882160575,170,22
4944,40.747362496282726,-73.94281807111906,298,23
4851,40.75192014546777,-73.94866877234767,75,23
4757,40.75167648558499,-73.95353598986922,4,22
4945,40.751866043543565,-73.94274673703227,167,0
4852,40.756106455111976,-73.94787932203971,965,22
4758,40.75657362509575,-73.95468287441719,7,0
4946,40.75636958717552,-73.9426753868109,1336,23
5135,40.76076397746745,-73.93075840025061,805,23
5041,40.760818704269916,-73.9366812022341,551,23
5229,40.76070894677352,-73.92483561459069,1039,23
5042,40.76532223205004,-73.9366094200777,476,22
5136,40.765267496605865,-73.93068621844493,491,23
5230,40.765212457222255,-73.92476303313991,486,23
5137,40.76977101211278,-73.93061402031152,565,22
5043,40.769103299918946,-73.93549545529255,138,23
5231,40.76971596403834,-73.92469043527103,427,23
5138,40.774254990023614,-73.93054898108907,532,0
4571,40.76108777982618,-73.96629545384279,445,23
4477,40.761140683229584,-73.97221835187037,101,23
4665,40.761056925777574,-73.96040189918244,344,23
4666,40.76553813438425,-73.96030238807882,520,22
4478,40.76564426185253,-73.97214896769626,48,22
4572,40.76559135009526,-73.96622566999478,311,23
4667,40.77004169262568,-73.96023218868503,341,22
4573,40.77009491673964,-73.96615587036122,102,22
4479,40.77014783685189,-73.97207956782698,18,0
4668,40.77454524724119,-73.96016197341127,156,22
4853,40.76100802746118,-73.9489168602262,68,0
4759,40.76117980296123,-73.95480056900341,4,0
4947,40.76082276038283,-73.94253103966984,65,0
4854,40.76535996302304,-73.94782603736621,37,23
4760,40.76563176606446,-73.95460226532357,235,23
4948,40.765183884062736,-73.94188341177501,96,22
4855,40.77028637966307,-73.94918882836969,235,22
4761,40.76998816451235,-73.95430852288882,841,22
4949,40.76981630159628,-73.94270237205093,6,1
4950,40.77488401395763,-73.94389459720608,6,6
6069,40.73317933881567,-73.87198799989292,148,23
6163,40.73312132433366,-73.86606777815261,189,22
6070,40.73768279075657,-73.8719119251236,464,22
5976,40.73774051077382,-73.87783256312906,405,23
6164,40.737624767112514,-73.86599130432295,830,23
6071,40.74218623905477,-73.87183583314946,721,23
5977,40.742243968187324,-73.8777568703099,759,23
6165,40.74212820624745,-73.86591481319824,699,23
6166,40.74663164173834,-73.86583830477412,1008,0
6072,40.74668968371013,-73.87175972396612,1114,23
5600,40.73796835452396,-73.90151528539477,387,23
5412,40.73808045457254,-73.91335674741096,0,-1
5506,40.7380245563692,-73.9074360080711,158,23
5318,40.738136049131526,-73.91927750332414,720,23
5319,40.74263956901011,-73.91920460471131,947,23
5601,40.74247184791941,-73.90144118923915,445,0
5507,40.74252805864031,-73.90736231109214,322,23
5413,40.742583965671365,-73.91328344961295,398,22
5320,40.74714308525542,-73.91913168961118,491,23
5602,40.74697533767807,-73.90136707632547,570,23
5508,40.74703155727579,-73.9072885974454,700,6
5414,40.74708747313572,-73.91321013523738,968,22
5321,40.75164659786734,-73.9190587580195,7,3
5603,40.75147882379981,-73.90129294664946,217,0
5415,40.751590976965545,-73.91313680428001,71,0
5509,40.75153505227554,-73.90721486712656,55,23
5322,40.75615010684576,-73.91898580993207,424,23
5510,40.75603854363944,-73.90714112013139,538,22
5416,40.75609447716068,-73.91306345673657,533,22
5604,40.75598230628451,-73.90121880020682,157,22
5978,40.74674742195924,-73.87768116037176,1714,23
6167,40.751135073585075,-73.8657617790461,842,0
6073,40.75119312472257,-73.87168359756913,1263,0
5979,40.75125087208943,-73.87760543331022,1262,23
6168,40.75563850178754,-73.86568523600972,1131,0
6074,40.75569656209196,-73.87160745395411,546,23
5980,40.7557543185778,-73.87752968912095,743,23
6169,40.760141926345625,-73.86560867566065,497,0
6075,40.7601999958182,-73.87153129311663,520,23
5981,40.760257761424235,-73.87745392779952,681,23
5884,40.746804856483124,-73.88360261390076,485,23
5697,40.75142229154083,-73.89537104293899,335,22
5791,40.751365455501094,-73.88944915608543,1059,23
5885,40.75130831568312,-73.8835272861791,842,23
5698,40.755925765098375,-73.8952964970532,536,22
5792,40.75586892008355,-73.88937421076078,428,23
5886,40.755811771242506,-73.88345194141993,1411,23
5699,40.760429235017604,-73.89522193430612,296,0
5793,40.760372381026464,-73.88929924848458,345,23
5887,40.76031522316116,-73.88337657961891,548,23
5511,40.760542031367386,-73.9070673564556,220,22
5323,40.76065361219057,-73.91891284534465,540,0
5417,40.76059797372105,-73.91299009260284,757,22
5512,40.76504551545925,-73.90699357609489,286,0
5418,40.765101466646506,-73.91291671187452,493,22
5324,40.76515711390166,-73.91883986425299,1180,0
5419,40.76960495593697,-73.9128433145474,669,0
5513,40.769548995914946,-73.90691977904503,215,22
5325,40.76966061197892,-73.91876686665286,461,22
5326,40.77416410642223,-73.91869385254004,253,22
5605,40.76048578513208,-73.90114463699325,43,23
5606,40.76498926034238,-73.90107045700444,2,1
5888,40.76481867143897,-73.8833012007717,198,22
5700,40.76493270129838,-73.8951473546935,7,1
5794,40.764875838329736,-73.88922426925248,256,23
5701,40.76943616394059,-73.89507275821101,227,23
5889,40.769322116075806,-73.88322580487385,4,0
5795,40.76937929199326,-73.88914927306013,109,23
5607,40.76949273191532,-73.9009962602361,103,22
5890,40.77366512084896,-73.88287277898141,0,-1
6076,40.76470342590117,-73.87145511505226,420,0
5982,40.7647612006286,-73.87737814934151,502,0
6170,40.76464124258556,-73.86553782531922,338,1
6077,40.76920685234075,-73.87137891975661,269,0
5983,40.76926463619079,-73.87730235374256,183,23
6171,40.76914903187072,-73.86545583868282,2,22
5984,40.77376806811072,-73.87722654099828,0,-1
6078,40.77371027513684,-73.87130270722523,0,-1
6172,40.77364663527235,-73.86538619017884,0,-1
6173,40.776801930499836,-73.86650850201379,0,-1
5702,40.77393962294415,-73.89499814485427,67,23
5796,40.77339517045468,-73.88958456230718,50,0
5608,40.77399619985079,-73.9009220466839,184,23
5609,40.7784808141198,-73.90083313536697,57,0
5891,40.77826499710413,-73.88245212627606,0,-1
5703,40.77843885908155,-73.89498071142734,10,1
5704,40.78209592462589,-73.89555763409491,0,-1
5610,40.78311384523215,-73.90087808760845,0,-1
5420,40.77410844159232,-73.91276990061719,267,23
5514,40.774052472734354,-73.90684596530166,386,22
5515,40.77855594591734,-73.90677213486057,345,22
5327,40.7786675972315,-73.9186208219103,137,23
5421,40.77861192361244,-73.91269647007962,205,22
5328,40.782571946229474,-73.91775050222759,261,22
5516,40.78305941546381,-73.90669828771746,3,0
5422,40.78311540199722,-73.91262302293048,393,22
5517,40.7875595994879,-73.90662858219963,1,5
5329,40.78846576717494,-73.92004529068554,9,22
1816,40.63188702182878,-74.13974738670542,153,22
2004,40.63179833875458,-74.12792390208017,170,22
1910,40.63184283158027,-74.13383563781625,233,23
1911,40.63634672185836,-74.13377742919081,187,23
2005,40.63630222200157,-74.12786529629219,283,0
1817,40.636390919090196,-74.13968957524594,383,0
1912,40.640097180184824,-74.1337777299607,81,22
1818,40.63971711434144,-74.1393273795195,27,23
2006,40.63950590780626,-74.12798577661374,2,0
2098,40.63175354335368,-74.12201217958689,296,23
2286,40.63166304483416,-74.11018877468761,88,22
2192,40.63170844537955,-74.11610047042613,218,23
2193,40.63621231442089,-74.11604107032318,721,23
2099,40.63625741952175,-74.1219531766397,198,23
2287,40.63616690670097,-74.11012897743235,54,22
2194,40.64046146532195,-74.1157748845094,163,22
2288,40.64067076497099,-74.11006916666163,58,22
2100,40.639833311641624,-74.1216093763332,12,23
2476,40.64057902718759,-74.09824422704217,30,23
2382,40.640625047410715,-74.10415669004759,3,4
2383,40.64422111033253,-74.10412461991024,4,23
2571,40.64461958857662,-74.09199159674787,77,22
2477,40.64405107089987,-74.09810337806849,64,22
2289,40.64409253017988,-74.10966789508825,6,22
1161,40.6440779967564,-74.18137292995353,0,-1
4378,40.738675293747534,-73.97848595413825,1261,23
4190,40.73877949869826,-73.99032783415802,541,22
4285,40.743231161351325,-73.98433837910099,1180,0
4379,40.74317889878708,-73.97841704760597,1172,23
4191,40.74328312019467,-73.99025972609051,398,23
4286,40.74773477102244,-73.98426985630459,534,23
4380,40.7476825002047,-73.9783481254889,829,22
4192,40.747786738071355,-73.99019160261876,397,22
4287,40.75223837707262,-73.98420131800968,179,1
4381,40.75218609800027,-73.97827918778307,49,0
4098,40.747838401349114,-73.99611336434114,512,0
4005,40.75239339137971,-74.00196780134317,361,22
3911,40.7522465223114,-74.00671005781791,5,2
4099,40.75234202376463,-73.99604562488007,1742,22
4006,40.75689596141478,-74.00189906379752,26,0
4100,40.756845642561295,-73.99597787009711,455,23
4007,40.761115485010706,-74.00103080649889,135,22
4101,40.761349257739,-73.9959100999884,908,23
4193,40.752290352328174,-73.99012346373878,86,0
4382,40.7566896921737,-73.97821023448445,244,22
4194,40.75679396296506,-73.99005530944667,432,22
4288,40.75674197950177,-73.98413276421235,59,22
4383,40.76119328272489,-73.97814126558906,142,22
4195,40.761297569981906,-73.98998713973843,1581,0
4289,40.76124557830977,-73.98406419490854,360,0
4290,40.765749173496495,-73.9839956100943,607,23
4196,40.765801173378556,-73.98991895461012,1065,23
4384,40.76569686965371,-73.97807228109289,199,22
4102,40.765701522753055,-73.99557024570304,184,22
4103,40.77006158799327,-73.99488001426678,10,23
4197,40.770304773154955,-73.98985075405778,874,22
4385,40.77020045296006,-73.97800328099193,90,22
4291,40.77025276506186,-73.98392700976567,263,23
4198,40.7747133754811,-73.98961928005203,388,22
4386,40.77470403264385,-73.97793426528219,510,23
4292,40.77475635300576,-73.98385839391867,288,22
4199,40.77891441658047,-73.9882620628751,25,22
4387,40.77920760870495,-73.97786523395968,632,22
4293,40.77925993732807,-73.98378976254926,516,23
4856,40.77443787006539,-73.94831385810018,740,23
4762,40.77449171067579,-73.9542379077685,1170,22
4857,40.778941404100486,-73.9482428270725,1317,22
4763,40.778995253212074,-73.9541672766737,566,23
4951,40.77860433973445,-73.94401582760305,133,0
4858,40.78344493450718,-73.94817177997585,769,23
4764,40.7834987921211,-73.95409662960036,320,23
4952,40.784044685502714,-73.94345571788442,31,22
4859,40.78794846128539,-73.94810071680605,2302,22
4765,40.78800232740276,-73.95402596654435,368,0
5044,40.774295038179275,-73.93548412139559,744,22
5232,40.77421946722165,-73.92461782097985,573,22
5233,40.77806289329366,-73.92386277776944,29,23
5140,40.783687494857425,-73.93009667041852,5,4
5046,40.78424006260012,-73.93463532173833,0,-1
5234,40.783817099075186,-73.92527369375684,1,23
5141,40.78771815611273,-73.93023044080313,9,23
5047,40.787846881732435,-73.93672857685034,115,22
4574,40.77459847975924,-73.9660860549381,35,23
4480,40.77465140822757,-73.97201015225853,0,-1
4575,40.77910203915392,-73.96601622372134,6,0
4481,40.77915497597947,-73.9719407209869,9,0
4669,40.77904879823067,-73.96009174225345,182,22
4670,40.783552345594025,-73.96002149520751,23,23
4576,40.78360559492359,-73.9659463767069,2,22
4482,40.78365854010746,-73.97187127400801,463,22
4671,40.78805588933113,-73.95995123226939,1,1
4577,40.788109147068155,-73.96587651389073,217,23
5235,40.78775052982622,-73.9244266623595,3,23
5048,40.79266566749241,-73.93662419286149,315,0
5142,40.79204232779446,-73.92976997164683,0,-1
5236,40.79225779865458,-73.92427728584292,4,22
5143,40.79692080890131,-73.9311020496826,664,23
5237,40.79675224345209,-73.92418950143849,7,23
5049,40.79684682485491,-73.93610649010299,2153,23
5238,40.80114234023454,-73.92395590141201,17,2
5050,40.80135032358915,-73.93603457793087,1417,23
5144,40.80119251358054,-73.931107567222,728,2
4483,40.78816210061145,-73.97180181131785,1493,22
4578,40.792612695587486,-73.96580663526876,412,22
4484,40.79266565749134,-73.97173233291238,1149,22
4672,40.7925594294419,-73.95988095343498,7,22
4579,40.797116240481486,-73.96573674083693,2548,23
4485,40.79716921074701,-73.97166283878758,671,23
4673,40.797062965926216,-73.9598106587002,347,23
4486,40.8015048005498,-73.97129372833217,306,22
4674,40.801566498783956,-73.95974034806099,1109,23
4580,40.80161978175004,-73.96566683059122,1685,23
4953,40.78789743737387,-73.94217958686374,1418,23
4954,40.79239780557838,-73.94210400369784,807,23
4860,40.79245198443498,-73.94802963755902,1665,23
4766,40.79250585905693,-73.95395528750154,572,22
4955,40.79690131654551,-73.94203250807878,1536,23
4767,40.79700938708354,-73.95388459246792,200,22
4861,40.79695550395584,-73.9479585422306,2508,22
4956,40.80140482388265,-73.94196099628367,937,22
4768,40.80151291148246,-73.9538138814393,2402,22
4862,40.80145901984789,-73.94788743081668,1419,22
5239,40.805743887777766,-73.92410906076262,441,22
5051,40.8058153576668,-73.9360194008094,458,23
5145,40.805890266869426,-73.92970766568737,245,23
5052,40.81035713665262,-73.93651853852404,1253,23
5240,40.8102473618949,-73.92403631494109,867,22
5146,40.81032350165082,-73.92979452894022,163,22
5241,40.81475083237828,-73.92396355265929,2295,22
5147,40.81479443372661,-73.92966757127982,172,0
5053,40.81487349346651,-73.93633802024725,833,22
5054,40.81933694637425,-73.93630172669563,671,23
4581,40.80612331939306,-73.96559690452753,501,22
4487,40.80560876465011,-73.96988821776993,1,3
4675,40.80607002801503,-73.95967002151325,406,23
4676,40.810573553619335,-73.95959967905291,340,0
4582,40.81042855548955,-73.96511917115755,38,0
4583,40.8145318661054,-73.9637233806824,18,23
4677,40.815077075596754,-73.95952932067587,1116,22
4769,40.80601643225356,-73.9537431544116,1404,22
4957,40.805908327589734,-73.94188946830839,559,22
4863,40.80596253211099,-73.9478163033131,1213,22
4770,40.810519949396756,-73.9536724113807,769,23
4958,40.810411827666606,-73.94181792414875,1921,23
4864,40.81046604074505,-73.94774515971578,1129,22
4771,40.81502346291194,-73.95360165234251,1114,23
4959,40.8149153241132,-73.94174636380065,1288,23
4865,40.81496954574996,-73.94767400002054,4842,23
4960,40.81941881692939,-73.94167478725984,2752,22
5242,40.81925429922779,-73.92389077391299,632,23
5148,40.819322236725796,-73.92962257536323,600,22
5243,40.8237577624433,-73.92381797869791,1026,22
5149,40.823832419876204,-73.92970117155747,81,0
5055,40.82385231209581,-73.93640530210229,1787,22
5244,40.828261222024736,-73.92374516700988,1110,23
5150,40.82831638318571,-73.92967395684484,88,0
5056,40.828375860948334,-73.93618960998974,1752,0
5245,40.83276467797195,-73.92367233884463,1744,0
5057,40.83285376308034,-73.93600824339143,593,0
5985,40.77827149638825,-73.87715071110425,0,-1
6079,40.77795751874997,-73.87149975258392,0,-1
6080,40.78292334851856,-73.87197319656329,0,-1
5986,40.781441327246206,-73.8768741572442,0,-1
6081,40.78750324533246,-73.8723602386587,0,-1
5987,40.787609447459545,-73.87706194312429,0,-1
5611,40.7871037243464,-73.9010578830483,0,-1
5893,40.78788373077854,-73.88276609246127,0,-1
5799,40.78834231521586,-73.88769737113705,0,-1
5894,40.79183928464173,-73.8828485694726,25,2
5800,40.79195219595343,-73.88870993696585,0,-1
5423,40.7872721710868,-73.91205599598776,5,3
5330,40.792328134912516,-73.91858880312134,29,23
5331,40.79663859412163,-73.91837451250773,0,-1
5425,40.79746659442606,-73.91292973336067,21,1
5520,40.80163193476695,-73.90766929592931,19,1
5332,40.801218808263116,-73.91820601588657,8,1
5426,40.80112927918081,-73.91232906813258,80,23
5988,40.791536666420534,-73.8772354097928,0,-1
5990,40.80215619319191,-73.87607184722138,0,-1
5991,40.80529198955682,-73.87669537134892,0,-1
6085,40.80544979782114,-73.87136180693953,0,-1
5895,40.79504287605059,-73.88352795491001,0,-1
5801,40.79604009744859,-73.88862162786076,0,-1
5614,40.80066289826344,-73.89864646326629,0,-1
5803,40.80604686323847,-73.88800164586257,9,0
5615,40.80635345206415,-73.90073504301773,3,1
5709,40.80694891000814,-73.89441390400843,0,-1
5521,40.80560109349116,-73.90635967146089,48,1
5427,40.80563273938727,-73.91225553786144,492,0
5333,40.805688465765805,-73.91818229103872,983,0
5334,40.810191931133616,-73.91810914467166,1928,22
5428,40.810136195957725,-73.9121819909531,659,23
5522,40.81008015636968,-73.90625485387602,779,22
5335,40.8146953928665,-73.91803598175372,1058,22
5523,40.814583600457446,-73.90618088969862,1491,22
5429,40.814639648892076,-73.9121084274033,953,0
5336,40.81919885096435,-73.91796280228067,753,0
5897,40.80534954208262,-73.88262202334448,85,22
5616,40.81002381237195,-73.90032773353101,72,22
5804,40.809910211157515,-73.88847354339954,4,1
5898,40.80985295394578,-73.88254647379425,11,0
5710,40.809967163967066,-73.89440063000866,1,22
5711,40.81447059021758,-73.89432586458894,38,23
5805,40.81441362841733,-73.88839837736518,958,23
5617,40.814527247565124,-73.90025336873029,1356,23
5899,40.814356362166876,-73.88247090714961,3,2
5712,40.81897401282831,-73.89425108225164,1456,22
6180,40.8110907165843,-73.86454747758219,0,-1
5992,40.809795392334436,-73.87661942128338,0,-1
6086,40.8096034815243,-73.8714820568556,2,22
6181,40.81418273673977,-73.86468859945815,919,23
6087,40.81445876174252,-73.87039640580731,15,0
5993,40.81418139379149,-73.87672449776225,0,-1
6182,40.8186861139106,-73.86461181363849,1090,0
5900,40.81885976674578,-73.88239532340617,21,0
5994,40.81880218695969,-73.87646746959291,21,22
6088,40.81874430268044,-73.87053963297348,325,0
5524,40.81908704090783,-73.9061069087848,658,22
5430,40.8191430981902,-73.91203484720774,936,23
5337,40.823702305427034,-73.91788960624822,1325,0
5431,40.82364654385202,-73.91196125036217,1275,0
5525,40.8235904777207,-73.9060329111304,1264,0
5338,40.82820575625446,-73.9178163936521,1703,23
5526,40.82809391089595,-73.90595889673098,1140,0
5432,40.82814998587739,-73.91188763686228,719,22
5527,40.83259734043347,-73.90588486558231,793,22
5339,40.83270920344652,-73.91774316448813,1827,23
5806,40.818917042036176,-73.88832319432264,920,23
5618,40.819030679119706,-73.9001789871026,545,0
5713,40.82347743179914,-73.8941762829924,819,22
5807,40.823420452013906,-73.8882479942675,663,0
5619,40.823534107035584,-73.90010458864359,1665,22
5808,40.827923858350445,-73.88817277719546,632,22
5620,40.82803753131265,-73.90003017334897,1053,0
5714,40.82798084712998,-73.8941014668069,909,23
5715,40.832484258820706,-73.89402663369079,613,23
5621,40.832540951950804,-73.8999557412144,896,0
4388,40.783711181143275,-73.97779618702037,518,23
4294,40.783652903002675,-73.98353604517658,155,23
4295,40.7878280741128,-73.98224646006574,13,23
4389,40.788214749958705,-73.97772712446027,516,22
4390,40.79257508891657,-73.97741726886905,416,22
4391,40.79675223697439,-73.97604738666487,244,23
4678,40.81921543887168,-73.95874094139302,199,23
4679,40.823981547739585,-73.95764243466354,92,23
4866,40.81947304712562,-73.94760282422327,767,22
4772,40.819526972799004,-73.95353087729289,2831,1
4961,40.82392230611506,-73.94160319452223,2356,22
4867,40.823976544871904,-73.94753163231985,2097,23
4773,40.82403047905784,-73.95346008622778,3937,23
4868,40.8284800389887,-73.94746042430612,3487,22
4774,40.82809954179712,-73.95267104650935,280,22
4962,40.82842579167012,-73.94153158558362,1814,23
4869,40.8329627747868,-73.9473581808705,2041,22
4963,40.83292927359446,-73.9414599604399,2685,22
5151,40.83281984784004,-73.92960152968254,4122,22
5246,40.837268130284876,-73.92359949419792,1318,22
5152,40.837187882490035,-73.92928222649341,764,22
5058,40.837522808869664,-73.93594600668997,676,23
5247,40.84177157896338,-73.92352663306555,1720,22
5059,40.841882024043,-73.93538712309591,1744,23
5153,40.84184956413995,-73.92905662508427,97,1
5248,40.84625270013189,-73.92342377420073,1076,23
5060,40.84638511119609,-73.93531456062907,2582,23
5154,40.846348209264725,-73.92977188846459,86,23
4964,40.83743275188794,-73.94138831908685,2863,23
4870,40.83738362921868,-73.94681864614188,850,23
4965,40.8419362265505,-73.94131666152037,731,23
4871,40.84166790380081,-73.94585406468273,3,3
4966,40.84643969758199,-73.94124498773623,1847,23
4872,40.84661554195645,-73.94534847574181,0,-1
5155,40.85088551986172,-73.92938721081916,1619,22
5061,40.85088856998087,-73.93524246924873,1880,23
5249,40.85073056921725,-73.92286164590791,698,0
5250,40.855302630993336,-73.9238632167746,69,0
5062,40.85539202513321,-73.93517036155166,692,23
5156,40.85533711661236,-73.9292391479259,3320,23
5063,40.85976247316678,-73.93486852993695,55,1
5251,40.859859105202304,-73.92342845819671,460,22
5157,40.8598405594662,-73.92916662235602,4619,0
5064,40.86391416747164,-73.93349131696229,0,-1
4967,40.85085862807801,-73.94106517773527,506,0
4873,40.85010970549974,-73.94538795875239,0,-1
4968,40.855065029600425,-73.93965870635506,24,1
5252,40.86428876783583,-73.92316207997013,3103,23
5158,40.864343998686245,-73.92909408037008,1228,23
5159,40.86884724660856,-73.92902127711177,360,23
5253,40.868792194705556,-73.92308911983463,1526,22
5254,40.87308364314455,-73.92335246872702,0,-1
5160,40.873121364837885,-73.92833667585083,0,-1
6089,40.8232476853906,-73.87046323055702,318,23
6183,40.823189487435464,-73.86453501044376,577,23
5901,40.82336316768238,-73.88231972255954,95,23
5995,40.82330557880709,-73.87639146795915,1005,0
5996,40.82780896701087,-73.87631544912718,1355,22
6184,40.82769285731425,-73.8644581898695,398,22
6090,40.82775106445591,-73.87038681085167,717,23
5902,40.82786656497656,-73.88224410460532,933,22
6091,40.83225443987625,-73.87031037385302,1736,23
5903,40.832369958628206,-73.88216846953912,500,0
5997,40.83231235157089,-73.87623941309253,1800,22
6185,40.83219622354684,-73.86438135191123,694,23
5904,40.836873348637226,-73.88209281735655,524,23
6092,40.83675781165152,-73.87023391955657,603,23
5998,40.83681573248707,-73.87616335985079,203,22
6186,40.836699586133136,-73.8643044965645,738,22
5905,40.8413767350035,-73.88201714805321,1105,22
6093,40.841261179781604,-73.87015744795788,967,22
5999,40.84131910975928,-73.87608728939757,446,23
6187,40.84120294507301,-73.86422762382486,639,23
5809,40.83242726104566,-73.8880975431021,1051,0
5810,40.83693066009945,-73.88802229198308,1755,22
5716,40.8369876668712,-73.89395178363966,33,0
5622,40.83704436894993,-73.89988129223556,276,22
5717,40.84149107128134,-73.89387691664923,411,22
5623,40.84154778230991,-73.89980682640812,393,0
5811,40.8414340555117,-73.88794702383399,604,22
5718,40.84599447205106,-73.89380203271509,1194,22
5812,40.8459374472823,-73.88787173865047,1139,22
5624,40.84605119203064,-73.89973234372775,706,23
5433,40.83265342426621,-73.91181400670378,1636,22
5434,40.83715685901838,-73.91174035988247,1619,0
5340,40.837212647003106,-73.91766991875198,1888,22
5528,40.83710076633316,-73.90581081768008,8682,0
5341,40.8417160869241,-73.91759665643943,1081,23
5529,40.84160418859489,-73.90573675301995,677,23
5435,40.84166029013378,-73.911666696394,1507,23
5530,40.84610760721857,-73.90566267159765,2062,22
5342,40.8462195232094,-73.9175233775462,1155,23
5436,40.8461637176123,-73.91159301623406,1880,22
6094,40.84576454426639,-73.87008095905254,171,0
5906,40.845880117726914,-73.88194146162468,1396,23
6000,40.84582248338743,-73.87601120172843,116,22
6188,40.84570630036635,-73.86415073368777,498,22
5907,40.85038349680737,-73.88186575806655,578,22
6095,40.85026790510577,-73.87000445283611,232,0
6001,40.85032585337139,-73.87593509683893,0,-1
6189,40.85020965201306,-73.86407382614881,1308,22
6096,40.85477126229962,-73.8699279293041,969,22
5908,40.85488687224473,-73.88179003737447,937,0
5719,40.850497869180224,-73.89372713183292,815,23
5813,40.85044083541115,-73.88779643642815,1510,22
5625,40.85055459811202,-73.8996578441901,1475,23
5626,40.855058000553925,-73.89958332779088,2546,22
5720,40.8550012626687,-73.89365221399838,1413,22
5814,40.85494421989813,-73.88772111716264,1453,22
5815,40.85944760074311,-73.88764578084952,963,23
5721,40.859504652516414,-73.89357727920708,1673,23
5627,40.859561399356245,-73.8995087945257,2583,0
5628,40.86406479451888,-73.89943424439026,1510,22
5343,40.850722955858885,-73.91745008206803,1283,0
5437,40.85066714145385,-73.91151931939847,1421,23
5531,40.85061102220407,-73.90558857340888,2401,22
5438,40.85517056165829,-73.91144560588285,865,0
5344,40.855154057432635,-73.91727315887191,1006,23
5532,40.855114433551286,-73.9055144584493,2910,23
5439,40.85967397822554,-73.91137187568293,617,22
5533,40.859617841260125,-73.90544032671461,3307,23
5345,40.859674604832186,-73.91708257389324,61,0
5346,40.86440715083033,-73.91755379697038,396,23
6002,40.85482921971104,-73.87585897472468,5,2
6190,40.854713000013035,-73.86399690120352,2415,22
5909,40.859390244038885,-73.88171429954399,29,1
6097,40.85927461584783,-73.86985138845209,753,22
6003,40.859332582406275,-73.87578283538122,0,-1
6191,40.859216344366125,-73.86391995884739,967,22
5910,40.86389361218975,-73.8816385445707,0,-1
6098,40.8637779657503,-73.86977483027556,1018,22
6004,40.863835941457,-73.87570667880411,0,-1
6192,40.86371968507223,-73.86384299907596,617,22
5816,40.863950977946004,-73.88757042748449,545,23
5722,40.86400803872323,-73.89350232745464,2042,22
5723,40.86851142128904,-73.89342735873674,3201,23
5629,40.868568186041706,-73.89935967738022,1486,0
5817,40.86845435150669,-73.88749505706312,1963,22
5724,40.87301480021377,-73.89335237304901,272,22
5630,40.87307157392463,-73.89928509349123,1544,23
5818,40.872957721425074,-73.88741966958102,2394,23
5725,40.87751817549726,-73.8932773703871,68,2
5631,40.87757495816755,-73.89921049271892,1198,22
5440,40.86398048527559,-73.91081535536563,1256,22
5534,40.864121245330466,-73.9053661782005,1914,22
5441,40.86873352238296,-73.91150286296204,3,0
5535,40.86862464576218,-73.90529201290263,680,22
5347,40.86873665009659,-73.91715673422074,902,23
5442,40.87322985218348,-73.9111971852213,488,23
5536,40.8731280425552,-73.90521783081672,1954,23
5348,40.87268256237509,-73.91704363192189,269,22
5443,40.877687608120304,-73.9110767879546,1007,23
5537,40.877631435709404,-73.90514363193843,1022,23
5255,40.87788713434914,-73.92276578992897,26,22
5256,40.882029585403785,-73.92145238424818,4,0
6099,40.86828131200692,-73.86969825477017,729,22
5911,40.8683969766972,-73.88156277245022,907,22
6005,40.868339296863084,-73.87563050498895,47,22
6193,40.86822302213127,-73.86376602188476,1211,22
6194,40.872726355543094,-73.86368902726926,710,23
5912,40.87290033756112,-73.88148698317812,1208,23
6006,40.87284264862443,-73.87555431393127,1198,23
6100,40.87278465461757,-73.86962166193135,510,23
5913,40.87740369478141,-73.88141117675002,1326,22
6007,40.877345996740935,-73.87547810562668,1487,23
5349,40.877892053876835,-73.91691481722066,168,23
5538,40.88213482522465,-73.90506941626344,781,23
5444,40.8821910064999,-73.91100297426887,220,22
5350,40.88224688259356,-73.91693654898437,190,22
5539,40.88663821110086,-73.90499518378743,1409,23
5445,40.88669440124163,-73.91092914387308,257,22
5351,40.88675028615268,-73.91686312067307,15,22
5540,40.89114159333791,-73.90492093450608,45,2
5446,40.8911977923454,-73.91085529676295,342,0
5352,40.89113339785886,-73.91644287700144,28,22
5819,40.87746108770104,-73.8873442650338,677,23
5820,40.88196445033445,-73.88726884341706,377,23
5726,40.88202154713943,-73.89320235074658,254,22
5632,40.882078338770334,-73.89913587505902,1526,22
5821,40.886467809325225,-73.88719340472646,13,0
5727,40.88652491514014,-73.89312731412313,274,0
5633,40.886581715732866,-73.89906124050714,466,22
5634,40.89108508905505,-73.8989865890589,284,0
5822,40.890971164673246,-73.88711794895755,0,-1
5728,40.89102827949933,-73.89305226051238,0,-1
6101,40.87728799358214,-73.8695450517547,618,22
6008,40.881849341212444,-73.87540188007073,457,0
6102,40.88179132890052,-73.86946842423578,431,23
5914,40.881907048357945,-73.88133535316148,1580,22
5915,40.88641039829063,-73.88125951240806,290,0
6103,40.88629466057259,-73.86939177937006,53,1
6009,40.8863526820389,-73.87532563725894,320,22
6104,40.890797988598244,-73.86931511715315,2,3
5916,40.89091374457933,-73.8811836544854,96,22
6010,40.890856019220145,-73.87524937718692,0,-1
5541,40.89564497193572,-73.90484666841508,8,0
5447,40.895701179811105,-73.91078143293414,19,22
5353,40.89557184448116,-73.9155716855705,1,0
5448,40.90020456363862,-73.9107075523824,6,2
5542,40.90014834689414,-73.90477238551006,22,22
5354,40.90000906017995,-73.9147429683921,2,0
5543,40.90465171821308,-73.90469808578675,380,22
5449,40.90468581235649,-73.91060029526027,1,23
5823,40.8954745163784,-73.88704247610593,0,-1
5635,40.895588458736796,-73.89891192070998,364,23
5729,40.895531640216845,-73.89297718990994,2,5
5636,40.90009182477797,-73.89883723545609,178,23
5824,40.89997786444058,-73.88696698616724,0,-1
5730,40.90003499729261,-73.89290210231144,0,-1
5637,40.904595187178465,-73.89876253329278,137,22
5825,40.90448120885968,-73.88689147913708,0,-1
5731,40.90453835072649,-73.89282699771253,0,-1
5638,40.90909353581495,-73.89869427345809,548,22
6105,40.89530131297737,-73.8692384375805,128,22
6011,40.8953593527561,-73.8751730998502,111,0
5917,40.895417087223976,-73.88110777938903,10,23
6106,40.89980463370988,-73.86916174064774,224,22
6012,40.899862682646656,-73.87509680524435,32,23
5918,40.89992042622441,-73.88103188711453,0,-1
6013,40.90361170688967,-73.8753133927432,0,-1
5919,40.904343444663645,-73.88104023070676,0,-1
6107,40.902786400519474,-73.8697751025168,1,23
5544,40.909155085892436,-73.90462376924077,117,22
5450,40.90910161514261,-73.90999330528786,0,-1
5451,40.91321170164379,-73.90949304621289,0,-1
5545,40.912609339071594,-73.904985650517,23,23
5826,40.90770120538408,-73.88730026305056,0,-1
5732,40.9085583197948,-73.89300095258409,1,23
8702,40.7359682033299,-73.70617640981033,65,22
8608,40.736009588026015,-73.71206149788064,39,22
8703,40.74044654108097,-73.70605410926449,89,22
8797,40.74039955322882,-73.70170701828785,42,22
8609,40.7405127720936,-73.71197463046502,77,22
8704,40.74494971101191,-73.70596682309107,31,1
8610,40.74501595248318,-73.71188774340457,93,22
8798,40.74482579164725,-73.70186972070988,58,23
8328,40.745212854992765,-73.72965062188351,1,22
8516,40.745081890305684,-73.71780868336795,39,23
8423,40.74965072196414,-73.72364353460202,11,22
8329,40.7497160627966,-73.72956491281273,30,1
8517,40.749585077429174,-73.71772217586579,5,5
8424,40.75415391577628,-73.72355740683862,14,0
8518,40.75408826087578,-73.71763564879895,13,0
8330,40.754219266926334,-73.72947918435773,15,22
8425,40.75865710591278,-73.72347125959573,5,22
8331,40.75872246738182,-73.72939343651353,21,0
8140,40.74534260505002,-73.74149263791611,0,-1
8047,40.749910263050225,-73.74732916338925,53,22
8235,40.7497810999237,-73.73548631040767,38,23
8141,40.749845833342526,-73.74140772729658,29,23
8048,40.75441259610716,-73.7472457206056,10,22
8142,40.75434905796363,-73.7413227974733,23,22
8236,40.75428431432308,-73.73540098126605,1,22
8237,40.75878752504959,-73.7353156328255,10,0
8143,40.75885227891321,-73.74123784844136,3,22
8049,40.75889755711596,-73.74716267237288,0,-1
8705,40.74945287726332,-73.70587951717762,39,23
8611,40.749519129194596,-73.71180083669424,8,1
8799,40.74927154308354,-73.70205413112575,27,22
8706,40.753484129010005,-73.70627189296968,13,22
8612,40.75402230222774,-73.71171391032898,0,-1
8613,40.757712437273966,-73.71239317193823,5,22
8519,40.7585853831679,-73.71755721378584,30,22
8426,40.763096415908244,-73.72346662524517,15,22
8332,40.763225664162924,-73.72930766927517,15,1
8520,40.76199980734925,-73.71865040604092,3,0
8333,40.76749987924273,-73.72949911424242,12,4
8050,40.76347651692032,-73.7470190294578,4,23
8144,40.76335549619116,-73.7411528801958,14,23
8238,40.76329073210309,-73.73523026508109,17,22
8051,40.76792318020831,-73.74699092665914,29,23
8239,40.76779393548346,-73.73514487802782,14,23
8145,40.76785870979734,-73.74106789273172,23,22
8052,40.77242640032182,-73.74690631965606,32,0
8146,40.77236191973165,-73.74098288604422,18,22
8240,40.77177393974613,-73.73560200435612,19,22
8053,40.776899929863944,-73.7468607353221,13,23
8147,40.775910817423835,-73.74169094222162,14,23
8054,40.780174387525406,-73.748109481689,3,0
6830,40.77323698718667,-73.82391266527864,93,1
7018,40.77311562525093,-73.81206533261668,92,22
6925,40.777679793079976,-73.81790916145385,68,0
7019,40.777618950513805,-73.81198510431747,154,0
6831,40.77774033161132,-73.8238332366485,275,0
6926,40.78218312429276,-73.81782931492863,191,1
7020,40.782122272120425,-73.81190485786962,99,23
6832,40.78224367238226,-73.82375379005047,103,23
6927,40.78668645185045,-73.81774945034049,79,23
7021,40.78662559007068,-73.81182459326847,89,0
6736,40.77329721217158,-73.82983635859968,85,23
6642,40.77335713316428,-73.83576006979357,2,23
6549,40.777920122969554,-73.84160556967781,416,0
6737,40.777800566105135,-73.82975732981096,0,-1
6643,40.77786049655876,-73.83568144085086,0,-1
6550,40.782423492127094,-73.84152732288909,299,0
6738,40.78230391638626,-73.8296782831448,2,4
6644,40.782363856302084,-73.83560279412114,0,-1
6551,40.78692685763461,-73.8414490583992,544,0
6645,40.78680336240153,-73.83559684642142,120,0
6363,40.78685027811071,-73.85303899059753,442,0
6458,40.791458014893436,-73.84726410267345,649,23
6364,40.791448021683124,-73.85202543750721,641,1
6459,40.7947322163868,-73.84668328767576,107,0
6833,40.7867470094994,-73.82367432548003,65,23
6928,40.79118977575294,-73.81766956768485,76,23
7022,40.791128904364456,-73.81174431050934,94,0
6834,40.791250342962606,-73.82359484293247,53,23
6929,40.7956930920477,-73.81758967238596,72,22
7023,40.795391136718244,-73.81176895024545,26,22
6835,40.79566289139469,-73.82342521374659,53,22
6930,40.799014839266086,-73.81856976506643,12,22
6739,40.78679079670839,-73.82957833663848,114,23
6646,40.79134134633056,-73.83753503219081,20,0
6740,40.79077030761018,-73.82884670274308,11,1
6552,40.79143021949199,-73.84137077620359,323,22
6741,40.795552700639114,-73.82738448578431,19,22
6553,40.79507301554156,-73.84076170861351,7,22
6367,40.80592744076082,-73.85296883593925,195,22
6273,40.80631285121757,-73.8573020230538,15,22
6368,40.80956248220017,-73.85291480551419,341,22
6274,40.81003317621476,-73.85831987738051,135,22
6275,40.814124252714,-73.85876119818138,493,23
6369,40.81408833749859,-73.8529278447954,81,23
6463,40.81421612219535,-73.8469936378188,206,22
7027,40.81441907540854,-73.81114095598772,20,0
6839,40.81413783013905,-73.82341330461131,672,22
6933,40.81471690632503,-73.81735739888711,113,0
7028,40.81814871333439,-73.81126223237628,196,22
6649,40.80623948720377,-73.8346354078485,0,-1
6650,40.809388559188896,-73.83512715895547,95,22
6651,40.81388727226314,-73.8350517685925,28,22
6557,40.81384963369594,-73.83926201398093,0,-1
6745,40.813827266076565,-73.82912445552779,182,23
6652,40.818390602793016,-73.83497297940208,44,3
6840,40.81827026700295,-73.82311756987036,372,23
6934,40.818209642402145,-73.81718989207332,289,22
7029,40.82253856350322,-73.81109272928248,45,22
6841,40.82277357488544,-73.82303796135407,416,23
6935,40.82271294071498,-73.81710988281512,88,22
6936,40.827216235371665,-73.81702985545223,144,22
6842,40.82727687911307,-73.82295833482374,416,22
7030,40.82705652412587,-73.81201174959774,1,6
6843,40.831780179685744,-73.82287869027478,155,22
6464,40.81850972068331,-73.84682846024643,804,23
6370,40.81856882290943,-73.85275622718434,803,22
6276,40.81862762065273,-73.85868401167856,89,23
6371,40.82307217791957,-73.8526786224465,700,23
6277,40.82313098494426,-73.85860680771005,247,23
6465,40.823013066364,-73.8467504547438,138,23
6466,40.82751640839489,-73.84667243158967,141,22
6278,40.82763434558846,-73.85852958627133,152,0
6372,40.82757552928114,-73.85260100014784,460,22
6467,40.83201974677588,-73.84659439077954,282,0
7488,40.77280690073596,-73.78244732006317,24,22
7394,40.772869253591,-73.78837088574363,24,0
7489,40.777310177254805,-73.78236509267323,66,0
7583,40.77724751053649,-73.77644114578469,12,22
7395,40.777372539954605,-73.78828905816242,27,22
7584,40.78175077349853,-73.77635849989983,40,22
7490,40.78181345011089,-73.78228284668269,507,2
7396,40.78187582265677,-73.78820721207094,0,-1
7397,40.786379101697385,-73.7881253474645,7,23
7585,40.78623718563813,-73.77641536496851,147,22
7112,40.77305448830545,-73.8061416934565,59,22
7300,40.772931302472756,-73.7942944699296,101,22
7301,40.77743459863314,-73.79421304216181,95,23
7207,40.777496353287674,-73.80013704458105,43,22
7113,40.777557803915464,-73.80606106532976,60,22
7208,40.78199965553803,-73.800055998302,26,0
7302,40.7819378911334,-73.79413159597418,90,22
7114,40.78206111586795,-73.80598041896396,132,22
7209,40.786502954129446,-73.79997493368879,46,22
7115,40.786564424162776,-73.80589975435441,38,23
7960,40.78068385758169,-73.75146364562502,10,23
7678,40.781156766691346,-73.77155449484806,5,0
7491,40.786316719304125,-73.78220058208673,35,0
7398,40.7894754469284,-73.78800078258985,3,23
7586,40.79074064984948,-73.776216853408,0,-1
7492,40.79025389849375,-73.78160955793517,6,2
7493,40.7947623711989,-73.78018344641139,2,1
7587,40.794572533071744,-73.77689482597836,1,0
7303,40.7864411799734,-73.79405013136198,20,22
7210,40.79100624906179,-73.79989385073671,64,23
7304,40.79056932662992,-73.79528175039502,10,22
7116,40.79106772879983,-73.80581907149647,23,22
7211,40.794675755788525,-73.80001550743687,31,23
7117,40.79490156971475,-73.80579335817168,18,23
7307,40.805615107543346,-73.79304561472682,0,-1
7214,40.808582371874266,-73.79924004743599,5,1
7120,40.81028269305078,-73.8045751486444,35,22
7215,40.814643301418535,-73.80104543062572,5,0
7121,40.81362180936129,-73.80571435446556,50,0
7216,40.81676110718308,-73.80043387354871,3,0
6558,40.81866191451453,-73.84096687194484,47,1
6746,40.818330587134135,-73.82904526567681,0,-1
6559,40.82295697752282,-73.84099997278665,11,1
6653,40.822893929670705,-73.83489417238344,25,23
6747,40.822833904538236,-73.82896605790705,68,23
6560,40.82747059017247,-73.84056246240866,11,22
6654,40.82739725289608,-73.83481534753204,38,0
6748,40.82733721828877,-73.82888683221388,364,22
6561,40.83196374034572,-73.84060328807823,2,3
6655,40.83190057246902,-73.83473650484332,40,23
6373,40.83207887699405,-73.85252336028383,671,22
6279,40.83213770258524,-73.85845234735794,544,23
6280,40.83664105593449,-73.85837509096541,312,23
6374,40.836582221058194,-73.85244570284998,1039,22
6468,40.83652308150683,-73.84651633230891,411,0
6281,40.84114440563609,-73.85829781708921,606,22
6375,40.841085561473434,-73.85236802784173,1001,22
6469,40.84102641258765,-73.84643825617316,477,22
6282,40.845647751689924,-73.85822052572489,448,22
6376,40.845588898239676,-73.85229033525464,249,23
6937,40.83154255719524,-73.81744132170905,354,0
6844,40.83628347660334,-73.8227990277025,255,23
6938,40.836177479782954,-73.81799613608862,64,22
6939,40.84067028636162,-73.81748946215629,31,0
6845,40.840786769865744,-73.82271934710232,96,22
6846,40.845290059472816,-73.82263964846959,198,23
6940,40.845196420933824,-73.8171362114295,224,22
6749,40.83184052838561,-73.82880758859274,298,23
6562,40.83644987999127,-73.84072719608459,142,1
6656,40.83640388838942,-73.83465764431268,408,0
6750,40.83634383482863,-73.82872832703897,190,23
6657,40.84090720065716,-73.83457876593556,355,22
6751,40.84084713761774,-73.82864904754803,351,22
6563,40.84100186685892,-73.84052009329099,28,1
6752,40.84535043675282,-73.82856975011524,392,22
6564,40.845470277028156,-73.84043000715509,1,23
6658,40.84541050927214,-73.83449986970733,228,22
6470,40.84552974001821,-73.84636016236779,242,22
6377,40.850092231356804,-73.85221262508412,221,22
6283,40.850151094095885,-73.85814321686789,250,22
6471,40.85003306379841,-73.84628205088825,98,23
6378,40.854595560824684,-73.85213489732568,229,22
6284,40.85465443285385,-73.85806589051379,480,23
6472,40.85453638392813,-73.84620392173002,46,23
6379,40.85909888664324,-73.8520571519748,120,23
6473,40.859039700407244,-73.84612577488855,123,22
6285,40.859157767963715,-73.857988546658,433,23
6565,40.84997359142335,-73.84035149437109,0,-1
6753,40.849853732233726,-73.82849043473601,393,22
6659,40.84991381423424,-73.83442095562343,300,23
6566,40.85447690216681,-73.8402729638176,489,22
6660,40.854417115543335,-73.83434202367926,117,23
6754,40.85435702406039,-73.82841110140576,493,22
6567,40.8589802092584,-73.84019441549006,73,23
6661,40.858920413199314,-73.83426307387022,57,22
6755,40.85886031223265,-73.82833175011983,12,22
6662,40.86342370720209,-73.83418410619173,45,0
6847,40.84979334542448,-73.82255993179966,6,0
6941,40.84955551088681,-73.81778135341649,20,23
6848,40.85429662772061,-73.82248019708794,8,0
6942,40.854679972757474,-73.8170160724019,0,-1
6849,40.858799906361064,-73.82240044432972,16,0
6943,40.8587022392683,-73.81651648147495,0,-1
7038,40.86355093124228,-73.81003614405982,1,0
6286,40.86366109942538,-73.85791118529613,677,22
6474,40.86354301323566,-73.84604761035925,229,22
6380,40.863602208812324,-73.85197938902694,451,22
6287,40.86816442723872,-73.85783380642361,317,23
6475,40.868046322413264,-73.84596942813761,190,22
6381,40.86810552733185,-73.85190160847759,489,22
6288,40.872667751403604,-73.85775641003592,304,22
6382,40.87260884220167,-73.85182381032222,321,22
6476,40.87254962793993,-73.84589122821907,187,23
6195,40.87722968530762,-73.86361201522503,704,22
6568,40.863483512698046,-73.8401158493839,184,22
6756,40.86336359675044,-73.82825238087364,13,3
6663,40.86792699755151,-73.8341051206392,78,23
6569,40.86798681248561,-73.84003726549452,214,0
6757,40.86786687761361,-73.82817299366255,3,5
6758,40.87237015482206,-73.82809358848192,130,23
6570,40.87249010862099,-73.83995866381738,234,0
6664,40.87243028424747,-73.83402611720803,59,23
6759,40.876873428375674,-73.82801416532719,93,23
6665,40.87693356728988,-73.8339470958936,288,22
6850,40.86330318134576,-73.82232067352044,72,22
6944,40.86352975560119,-73.81686324123227,0,-1
7039,40.86767960393728,-73.81038339492801,2,23
6851,40.867806452674564,-73.82224088465539,19,22
6945,40.867745722737084,-73.81630879370861,2,1
6852,40.87230972034739,-73.82216107772996,4,22
7040,40.872223858322045,-73.81035035561156,0,-1
6946,40.87224898082614,-73.81622858504302,0,-1
7041,40.87669118105952,-73.81021548186409,0,-1
6853,40.87681298436407,-73.8220812527395,63,22
7122,40.817808209936864,-73.80570130246663,117,0
7123,40.82237831867584,-73.80721014214608,50,0
7503,40.84025388023591,-73.78287009071975,6,22
7409,40.840867473825334,-73.7858598594851,20,0
7410,40.844992895113144,-73.78692464516469,38,22
7504,40.845159416413395,-73.78319338187946,0,-1
7127,40.84179876862858,-73.80475868277476,0,-1
7411,40.84939919844744,-73.7869936601458,115,22
7412,40.853467943558776,-73.78856936854315,26,22
7693,40.84946533973466,-73.77019756113476,0,-1
7694,40.85412287650115,-73.76980535137756,0,-1
7695,40.857667018272736,-73.77002531032959,0,-1
7223,40.85038950926988,-73.8002137951975,0,-1
7130,40.85416342599436,-73.80287190292204,0,-1
7318,40.854305781620795,-73.79082249396488,61,2
7224,40.854119158885496,-73.79987277915804,0,-1
7131,40.8589179241733,-73.80333175066552,0,-1
7319,40.85828240402278,-73.79343052751527,2,0
7225,40.858563986909395,-73.79868566123396,0,-1
7320,40.86288810214472,-73.79383427830022,3,23
7416,40.871696171486754,-73.78690175655217,0,-1
7417,40.87666000605165,-73.78718135539093,0,-1
7132,40.86321831270712,-73.80447456220116,0,-1
7226,40.86305847025051,-73.79859402557346,0,-1
7321,40.8677557777514,-73.79338173769162,0,-1
7133,40.867184055515224,-73.80522015366641,0,-1
7227,40.86740845679548,-73.79823643000677,0,-1
7228,40.87166148906401,-73.7980209154423,0,-1
7322,40.87192739379608,-73.7923935261748,0,-1
7134,40.8723685562835,-73.80456311657298,0,-1
7229,40.87683033378029,-73.79894732939535,0,-1
7323,40.876520149314565,-73.79165192423932,0,-1
7135,40.876629821771935,-73.80428262375818,0,-1
7324,40.880723825155876,-73.79247832723304,0,-1
7136,40.88113305322908,-73.80420157494616,0,-1
7230,40.8810734656787,-73.79827458859207,0,-1
7137,40.88486663810789,-73.80437176822927,0,-1
7231,40.88411530590179,-73.79870781084468,0,-1
6289,40.877171071919946,-73.8576789961286,458,0
6477,40.877052929815555,-73.84581301059909,433,23
6383,40.87711215342172,-73.8517459945563,361,23
6290,40.88167438878763,-73.8576015646971,636,23
6384,40.88161546099187,-73.85166816117531,393,22
6478,40.88155622804002,-73.84573477527313,279,22
6196,40.881733011424714,-73.86353498574759,820,23
6291,40.886177702006535,-73.85752411573698,467,22
6197,40.886236333894274,-73.86345793883243,1171,23
6385,40.88611876491198,-73.8515903101747,380,22
6571,40.87699340110405,-73.8398800443479,166,0
6666,40.88143684667862,-73.83386805669134,326,22
6572,40.88149668993472,-73.8398014070815,138,0
6760,40.88137669827432,-73.82793472419367,100,23
6667,40.88594012241354,-73.83378899959662,345,0
6761,40.88587996451792,-73.82785526507675,64,23
6573,40.88599997511284,-73.83972275201356,96,0
6668,40.89038361494633,-73.83377759880727,294,23
6574,40.890503256638326,-73.83964407913955,179,23
6762,40.88965484334958,-73.82807241802107,15,23
6947,40.876752235257804,-73.81614835822148,0,-1
7042,40.88119442219923,-73.81013483496469,0,-1
6854,40.88131624472455,-73.82200140967936,2,4
6948,40.881255486031954,-73.81606811323938,0,-1
7043,40.88557060934992,-73.8101726556694,2,22
6855,40.88581950142868,-73.8219215485449,24,0
6949,40.88575873314848,-73.815987850092,32,0
6856,40.88933451418147,-73.82180642086183,17,22
6950,40.888710721184204,-73.81651558383722,12,22
6479,40.886059522613195,-73.84565652223658,898,23
6292,40.89068101157655,-73.85744664924366,151640,22
6386,40.89062206518195,-73.85151244154994,484,22
6198,40.89073965271618,-73.86338087447504,728,23
6480,40.89056281353501,-73.84557825148491,275,0
6199,40.89524296789033,-73.863303792671,128,1
6387,40.895125361801696,-73.85143455529649,353,0
6293,40.895184317497566,-73.85736916521265,1150,0
6481,40.89506610080532,-73.84549996301358,210,23
6294,40.89960102138781,-73.85716312001182,340,0
6575,40.89469807067261,-73.84030252679096,180,22
6576,40.899343471043935,-73.84105791535625,45,23
6200,40.89953250435063,-73.86339646159657,203,23
6388,40.899628654771085,-73.85135665140986,296,22
6482,40.89956938442403,-73.84542165681802,405,23
6295,40.90385746318652,-73.85593219481929,60,23
6389,40.904131944090004,-73.85127872988544,555,22
6483,40.9036489555506,-73.84577764667614,353,22
6390,40.90792229588592,-73.85225163368305,12,0
